train,all,funct,diff,compose->pmi,min,recall,0.611358832767,0.425806242528,-0.00325773108916,0.853845899415
train,all,funct,diff,compose->pmi,min,precision,0.0527173227881,0.0734683181853,0.279732013411,1.31087678176e-58
train,all,funct,diff,compose->pmi,min,cosine,0.161315445633,0.14185642102,0.278517111768,4.26787420301e-58
train,left,funct,diff,compose->pmi,min,recall,0.23385873736,0.278265528251,-0.221426182302,3.2002928829e-19
train,left,funct,diff,compose->pmi,min,precision,0.0596029165033,0.0914313644245,0.0391825243121,0.117190046374
train,left,funct,diff,compose->pmi,min,cosine,0.0871276998847,0.135979894563,-0.0242979631217,0.331397746534
train,right,funct,diff,compose->pmi,min,recall,0.988858928174,0.0133253170615,0.252491461863,1.08465745539e-24
train,right,funct,diff,compose->pmi,min,precision,0.0458317290729,0.0483804749026,0.737326784014,1.62459093101e-274
train,right,funct,diff,compose->pmi,min,cosine,0.235503191381,0.103674072966,0.768400813287,4.53084140199e-312
train,all,funct,diff,compose->npmi,min,recall,0.611358832767,0.425806242528,-0.00325773108916,0.853845899415
train,all,funct,diff,compose->npmi,min,precision,0.0527173227881,0.0734683181853,0.279732013411,1.31087678176e-58
train,all,funct,diff,compose->npmi,min,cosine,0.168356614009,0.14525147902,0.273910262767,3.55375581019e-56
train,left,funct,diff,compose->npmi,min,recall,0.23385873736,0.278265528251,-0.221426182302,3.2002928829e-19
train,left,funct,diff,compose->npmi,min,precision,0.0596029165033,0.0914313644245,0.0391825243121,0.117190046374
train,left,funct,diff,compose->npmi,min,cosine,0.0907263061378,0.138315248546,-0.0282373354492,0.258967121565
train,right,funct,diff,compose->npmi,min,recall,0.988858928174,0.0133253170615,0.252491461863,1.08465745539e-24
train,right,funct,diff,compose->npmi,min,precision,0.0458317290729,0.0483804749026,0.737326784014,1.62459093101e-274
train,right,funct,diff,compose->npmi,min,cosine,0.245986921879,0.104937824135,0.761856503788,1.1030943912e-303
train,all,funct,diff,compose->lmi,min,recall,0.611358832767,0.425806242528,-0.00325773108916,0.853845899415
train,all,funct,diff,compose->lmi,min,precision,0.0527173227881,0.0734683181853,0.279732013411,1.31087678176e-58
train,all,funct,diff,compose->lmi,min,cosine,0.262128317987,0.26214201574,0.071805649383,4.79085114694e-05
train,left,funct,diff,compose->lmi,min,recall,0.23385873736,0.278265528251,-0.221426182302,3.2002928829e-19
train,left,funct,diff,compose->lmi,min,precision,0.0596029165033,0.0914313644245,0.0391825243121,0.117190046374
train,left,funct,diff,compose->lmi,min,cosine,0.149794032307,0.239410789147,-0.103059586893,3.62505567742e-05
train,right,funct,diff,compose->lmi,min,recall,0.988858928174,0.0133253170615,0.252491461863,1.08465745539e-24
train,right,funct,diff,compose->lmi,min,precision,0.0458317290729,0.0483804749026,0.737326784014,1.62459093101e-274
train,right,funct,diff,compose->lmi,min,cosine,0.374462603667,0.234267717353,0.321409154538,9.00121918287e-40
train,all,non-funct,diff,compose->pmi,min,recall,0.121737692904,0.156438278652,-0.0723498000108,4.19456450055e-05
train,all,non-funct,diff,compose->pmi,min,precision,0.0245217030824,0.0416916125057,0.188474675329,5.6692620176e-27
train,all,non-funct,diff,compose->pmi,min,cosine,0.0308541186195,0.0361777759968,0.178599023479,2.40828334943e-24
train,left,non-funct,diff,compose->pmi,min,recall,0.117788855697,0.208366166809,-0.0757239504274,0.00243791060702
train,left,non-funct,diff,compose->pmi,min,precision,0.00241686578445,0.00545206864507,0.0187357641134,0.453911094696
train,left,non-funct,diff,compose->pmi,min,cosine,0.0152605388457,0.0287984517893,-0.0116301087401,0.642034224691
train,right,non-funct,diff,compose->pmi,min,recall,0.125686530111,0.0741500098029,-0.0912742023046,0.000256433446101
train,right,non-funct,diff,compose->pmi,min,precision,0.0466265403803,0.0496931422855,0.621789973893,7.95063479951e-172
train,right,non-funct,diff,compose->pmi,min,cosine,0.0464476983933,0.036083135484,0.477504911655,6.62974726037e-92
train,all,non-funct,diff,compose->lmi,min,recall,0.121737692904,0.156438278652,-0.0723498000108,4.19456450055e-05
train,all,non-funct,diff,compose->lmi,min,precision,0.0245217030824,0.0416916125057,0.188474675329,5.6692620176e-27
train,all,non-funct,diff,compose->lmi,min,cosine,0.0294815847674,0.073424125283,0.0753160337368,1.99980943272e-05
train,left,non-funct,diff,compose->lmi,min,recall,0.117788855697,0.208366166809,-0.0757239504274,0.00243791060702
train,left,non-funct,diff,compose->lmi,min,precision,0.00241686578445,0.00545206864507,0.0187357641134,0.453911094696
train,left,non-funct,diff,compose->lmi,min,cosine,0.0163092127639,0.0663065060182,-0.0232490669857,0.352701775386
train,right,non-funct,diff,compose->lmi,min,recall,0.125686530111,0.0741500098029,-0.0912742023046,0.000256433446101
train,right,non-funct,diff,compose->lmi,min,precision,0.0466265403803,0.0496931422855,0.621789973893,7.95063479951e-172
train,right,non-funct,diff,compose->lmi,min,cosine,0.042653956771,0.0777086149561,0.202033181993,3.37000717892e-16
train,all,non-funct,diff,compose->npmi,min,recall,0.121737692904,0.156438278652,-0.0723498000108,4.19456450055e-05
train,all,non-funct,diff,compose->npmi,min,precision,0.0245217030824,0.0416916125057,0.188474675329,5.6692620176e-27
train,all,non-funct,diff,compose->npmi,min,cosine,0.0320158056274,0.0380017652821,0.174045215621,3.49684740025e-23
train,left,non-funct,diff,compose->npmi,min,recall,0.117788855697,0.208366166809,-0.0757239504274,0.00243791060702
train,left,non-funct,diff,compose->npmi,min,precision,0.00241686578445,0.00545206864507,0.0187357641134,0.453911094696
train,left,non-funct,diff,compose->npmi,min,cosine,0.0161401115933,0.0314029910983,-0.0123890288581,0.620463989207
train,right,non-funct,diff,compose->npmi,min,recall,0.125686530111,0.0741500098029,-0.0912742023046,0.000256433446101
train,right,non-funct,diff,compose->npmi,min,precision,0.0466265403803,0.0496931422855,0.621789973893,7.95063479951e-172
train,right,non-funct,diff,compose->npmi,min,cosine,0.0478914996614,0.037390442055,0.466754000612,2.31553622298e-87
train,all,funct,diff,pmi->compose,min,recall,0.140703407851,0.141787929828,-0.0185248047075,0.294822166894
train,all,funct,diff,pmi->compose,min,precision,0.0567088003856,0.103938336479,0.122273630984,3.91562243294e-12
train,all,funct,diff,pmi->compose,min,cosine,0.124776438474,0.202802421813,0.132967512164,4.27320945045e-14
train,left,funct,diff,pmi->compose,min,recall,0.0437144685553,0.118530940652,-0.0498797738768,0.0460566865919
train,left,funct,diff,pmi->compose,min,precision,0.0533069979053,0.13586992046,-0.0200737777673,0.422319053209
train,left,funct,diff,pmi->compose,min,cosine,0.130103704919,0.281141757699,0.0748775818947,0.00272677222035
train,right,funct,diff,pmi->compose,min,recall,0.237692347147,0.0856991336382,-0.00595957923947,0.811726767506
train,right,funct,diff,pmi->compose,min,precision,0.0601106028659,0.0558800122957,0.476293555796,2.19554188084e-91
train,right,funct,diff,pmi->compose,min,cosine,0.119449172029,0.0562156306434,0.29952635039,1.59688720263e-34
train,all,non-funct,diff,pmi->compose,min,recall,0.0882688671657,0.132431208014,-0.0390401350348,0.0272148286661
train,all,non-funct,diff,pmi->compose,min,precision,0.0293281816937,0.0509211125202,0.173076795967,6.11989936972e-23
train,all,non-funct,diff,pmi->compose,min,cosine,0.0400244549897,0.051246080707,0.129456796857,1.96326463072e-13
train,left,non-funct,diff,pmi->compose,min,recall,0.092361089046,0.175909697253,-0.0527191080146,0.0349806243578
train,left,non-funct,diff,pmi->compose,min,precision,0.00356428926227,0.00837983836356,0.0137209202745,0.58339414651
train,left,non-funct,diff,pmi->compose,min,cosine,0.02629264607,0.0528063785934,-0.00346205386976,0.889944574551
train,right,non-funct,diff,pmi->compose,min,recall,0.0841766452854,0.0640182439982,-0.0274974120942,0.271661335572
train,right,non-funct,diff,pmi->compose,min,precision,0.055092074125,0.0615478789493,0.526521009981,8.35138572645e-115
train,right,non-funct,diff,pmi->compose,min,cosine,0.0537562639094,0.0456802233257,0.33533218412,2.39591362857e-43
train,all,funct,diff,npmi->compose,min,recall,0.140703407851,0.141787929828,-0.0185248047075,0.294822166894
train,all,funct,diff,npmi->compose,min,precision,0.0567088003856,0.103938336479,0.122273630984,3.91562243294e-12
train,all,funct,diff,npmi->compose,min,cosine,0.128225460685,0.203243406214,0.129794641909,1.69833220953e-13
train,left,funct,diff,npmi->compose,min,recall,0.0437144685553,0.118530940652,-0.0498797738768,0.0460566865919
train,left,funct,diff,npmi->compose,min,precision,0.0533069979053,0.13586992046,-0.0200737777673,0.422319053209
train,left,funct,diff,npmi->compose,min,cosine,0.129702594415,0.281089545234,0.0751998752585,0.00261327948666
train,right,funct,diff,npmi->compose,min,recall,0.237692347147,0.0856991336382,-0.00595957923947,0.811726767506
train,right,funct,diff,npmi->compose,min,precision,0.0601106028659,0.0558800122957,0.476293555796,2.19554188084e-91
train,right,funct,diff,npmi->compose,min,cosine,0.126748326955,0.0600005670841,0.280791190497,2.24344599165e-30
train,all,funct,diff,lmi->compose,min,recall,0.140703407851,0.141787929828,-0.0185248047075,0.294822166894
train,all,funct,diff,lmi->compose,min,precision,0.0567088003856,0.103938336479,0.122273630984,3.91562243294e-12
train,all,funct,diff,lmi->compose,min,cosine,0.13894181683,0.242937746961,0.0777683054778,1.06178910278e-05
train,left,funct,diff,lmi->compose,min,recall,0.0437144685553,0.118530940652,-0.0498797738768,0.0460566865919
train,left,funct,diff,lmi->compose,min,precision,0.0533069979053,0.13586992046,-0.0200737777673,0.422319053209
train,left,funct,diff,lmi->compose,min,cosine,0.119951593337,0.289204978069,0.0736171527438,0.00321513762486
train,right,funct,diff,lmi->compose,min,recall,0.237692347147,0.0856991336382,-0.00595957923947,0.811726767506
train,right,funct,diff,lmi->compose,min,precision,0.0601106028659,0.0558800122957,0.476293555796,2.19554188084e-91
train,right,funct,diff,lmi->compose,min,cosine,0.157932040324,0.183512182921,0.0874773188876,0.000459919765028
train,all,non-funct,diff,lmi->compose,min,recall,0.0882688671657,0.132431208014,-0.0390401350348,0.0272148286661
train,all,non-funct,diff,lmi->compose,min,precision,0.0293281816937,0.0509211125202,0.173076795967,6.11989936972e-23
train,all,non-funct,diff,lmi->compose,min,cosine,0.0308409823863,0.0826474512927,0.0627647967085,0.000381402184876
train,left,non-funct,diff,lmi->compose,min,recall,0.092361089046,0.175909697253,-0.0527191080146,0.0349806243578
train,left,non-funct,diff,lmi->compose,min,precision,0.00356428926227,0.00837983836356,0.0137209202745,0.58339414651
train,left,non-funct,diff,lmi->compose,min,cosine,0.0179130574497,0.0735206799473,-0.0109212080138,0.662459544291
train,right,non-funct,diff,lmi->compose,min,recall,0.0841766452854,0.0640182439982,-0.0274974120942,0.271661335572
train,right,non-funct,diff,lmi->compose,min,precision,0.055092074125,0.0615478789493,0.526521009981,8.35138572645e-115
train,right,non-funct,diff,lmi->compose,min,cosine,0.0437689073229,0.0890036490495,0.14556894019,4.93379341848e-09
train,all,non-funct,diff,npmi->compose,min,recall,0.0882688671657,0.132431208014,-0.0390401350348,0.0272148286661
train,all,non-funct,diff,npmi->compose,min,precision,0.0293281816937,0.0509211125202,0.173076795967,6.11989936972e-23
train,all,non-funct,diff,npmi->compose,min,cosine,0.0410443396118,0.0531484959591,0.12551809244,1.03478908013e-12
train,left,non-funct,diff,npmi->compose,min,recall,0.092361089046,0.175909697253,-0.0527191080146,0.0349806243578
train,left,non-funct,diff,npmi->compose,min,precision,0.00356428926227,0.00837983836356,0.0137209202745,0.58339414651
train,left,non-funct,diff,npmi->compose,min,cosine,0.0264437852215,0.0541946648004,-0.00313251607353,0.90036282346
train,right,non-funct,diff,npmi->compose,min,recall,0.0841766452854,0.0640182439982,-0.0274974120942,0.271661335572
train,right,non-funct,diff,npmi->compose,min,precision,0.055092074125,0.0615478789493,0.526521009981,8.35138572645e-115
train,right,non-funct,diff,npmi->compose,min,cosine,0.0556448940022,0.0478132949668,0.321093330787,1.07954042731e-39
train,all,funct,nodiff,pmi->compose,min,recall,0.240423150158,0.210175783549,0.0356633824157,0.0436664003608
train,all,funct,nodiff,pmi->compose,min,precision,0.167457594441,0.251555889386,0.19828222337,9.89361835261e-30
train,all,funct,nodiff,pmi->compose,min,cosine,0.239014153538,0.268902404227,0.191766102118,6.98916535912e-28
train,left,funct,nodiff,pmi->compose,min,recall,0.243159379585,0.284586112626,0.052312345155,0.036412482683
train,left,funct,nodiff,pmi->compose,min,precision,0.274802971524,0.316847218231,0.203166890306,2.28581741137e-16
train,left,funct,nodiff,pmi->compose,min,cosine,0.35857924827,0.33595413328,0.223329683205,1.55778872158e-19
train,right,funct,nodiff,pmi->compose,min,recall,0.237686920731,0.0856941688728,-0.00595926543636,0.811736495187
train,right,funct,nodiff,pmi->compose,min,precision,0.0601122173587,0.0558794354597,0.47631073377,2.15864732638e-91
train,right,funct,nodiff,pmi->compose,min,cosine,0.119449058805,0.0562156790665,0.299523188908,1.59956065372e-34
train,all,funct,diff,compose->pmi,add,recall,0.819420833308,0.307555441701,-0.0384416314,0.0296645156571
train,all,funct,diff,compose->pmi,add,precision,0.00481890826752,0.00720773349744,0.156602546262,5.0874353726e-19
train,all,funct,diff,compose->pmi,add,cosine,0.0726564739063,0.0512680211192,0.131957323349,6.65464198662e-14
train,left,funct,diff,compose->pmi,add,recall,0.66973444765,0.378737392012,-0.14640657058,4.01887495544e-09
train,left,funct,diff,compose->pmi,add,precision,0.00123073540699,0.00187942018321,0.0425832365922,0.0886110011786
train,left,funct,diff,compose->pmi,add,cosine,0.0416859756245,0.0383848510837,0.0210039070588,0.401137023352
train,right,funct,diff,compose->pmi,add,recall,0.969107218966,0.0304410779763,0.181931214549,2.25329073219e-13
train,right,funct,diff,compose->pmi,add,precision,0.00840708112805,0.00863832478906,0.456166607829,4.81733574075e-83
train,right,funct,diff,compose->pmi,add,cosine,0.103626972188,0.0431865680346,0.339036538937,2.49290484639e-44
train,all,funct,diff,compose->npmi,add,recall,0.819420833308,0.307555441701,-0.0384416314,0.0296645156571
train,all,funct,diff,compose->npmi,add,precision,0.00481890826752,0.00720773349744,0.156602546262,5.0874353726e-19
train,all,funct,diff,compose->npmi,add,cosine,0.084942037489,0.0583301531984,0.102566046345,6.06027577423e-09
train,left,funct,diff,compose->npmi,add,recall,0.66973444765,0.378737392012,-0.14640657058,4.01887495544e-09
train,left,funct,diff,compose->npmi,add,precision,0.00123073540699,0.00187942018321,0.0425832365922,0.0886110011786
train,left,funct,diff,compose->npmi,add,cosine,0.0501996559184,0.0457661661197,0.00166298200337,0.947005759718
train,right,funct,diff,compose->npmi,add,recall,0.969107218966,0.0304410779763,0.181931214549,2.25329073219e-13
train,right,funct,diff,compose->npmi,add,precision,0.00840708112805,0.00863832478906,0.456166607829,4.81733574075e-83
train,right,funct,diff,compose->npmi,add,cosine,0.11968441906,0.0479187377609,0.277260429132,1.25246842193e-29
train,all,funct,diff,compose->lmi,add,recall,0.819420833308,0.307555441701,-0.0384416314,0.0296645156571
train,all,funct,diff,compose->lmi,add,precision,0.00481890826752,0.00720773349744,0.156602546262,5.0874353726e-19
train,all,funct,diff,compose->lmi,add,cosine,0.204243423624,0.231352878128,-0.118547703952,1.72977651871e-11
train,left,funct,diff,compose->lmi,add,recall,0.66973444765,0.378737392012,-0.14640657058,4.01887495544e-09
train,left,funct,diff,compose->lmi,add,precision,0.00123073540699,0.00187942018321,0.0425832365922,0.0886110011786
train,left,funct,diff,compose->lmi,add,cosine,0.120159438478,0.2159526769,-0.156380433592,3.19397941816e-10
train,right,funct,diff,compose->lmi,add,recall,0.969107218966,0.0304410779763,0.181931214549,2.25329073219e-13
train,right,funct,diff,compose->lmi,add,precision,0.00840708112805,0.00863832478906,0.456166607829,4.81733574075e-83
train,right,funct,diff,compose->lmi,add,cosine,0.288327408769,0.215110475477,-0.0547126866661,0.0286378323869
train,all,non-funct,diff,compose->pmi,add,recall,0.697751985233,0.292579993532,-0.133311116084,3.67270608461e-14
train,all,non-funct,diff,compose->pmi,add,precision,0.00847666147187,0.0144933528902,0.200484666291,2.26716512304e-30
train,all,non-funct,diff,compose->pmi,add,cosine,0.0726616653753,0.0580191931966,0.184250282378,7.86982404654e-26
train,left,non-funct,diff,compose->pmi,add,recall,0.622716503897,0.378274701257,-0.0351270924123,0.160194118908
train,left,non-funct,diff,compose->pmi,add,precision,0.00107658994724,0.001542811854,0.0330469431431,0.18643285512
train,left,non-funct,diff,compose->pmi,add,cosine,0.0338055377206,0.0306393140975,0.0960671186651,0.000118801784571
train,right,non-funct,diff,compose->pmi,add,recall,0.772787466568,0.129821834455,-0.321146655939,1.04692930708e-39
train,right,non-funct,diff,compose->pmi,add,precision,0.0158767329965,0.0175559725007,0.700173589819,4.3426374812e-236
train,right,non-funct,diff,compose->pmi,add,cosine,0.11151779303,0.0526696181624,0.458593823829,5.08446733634e-84
train,all,non-funct,diff,compose->lmi,add,recall,0.697751985233,0.292579993532,-0.133311116084,3.67270608461e-14
train,all,non-funct,diff,compose->lmi,add,precision,0.00847666147187,0.0144933528902,0.200484666291,2.26716512304e-30
train,all,non-funct,diff,compose->lmi,add,cosine,0.156080357493,0.205536824601,-0.101917777113,7.55316502084e-09
train,left,non-funct,diff,compose->lmi,add,recall,0.622716503897,0.378274701257,-0.0351270924123,0.160194118908
train,left,non-funct,diff,compose->lmi,add,precision,0.00107658994724,0.001542811854,0.0330469431431,0.18643285512
train,left,non-funct,diff,compose->lmi,add,cosine,0.0948030938386,0.187719028124,-0.0644198838814,0.00995297007246
train,right,non-funct,diff,compose->lmi,add,recall,0.772787466568,0.129821834455,-0.321146655939,1.04692930708e-39
train,right,non-funct,diff,compose->lmi,add,precision,0.0158767329965,0.0175559725007,0.700173589819,4.3426374812e-236
train,right,non-funct,diff,compose->lmi,add,cosine,0.217357621146,0.204309894358,-0.117299570055,2.54407936134e-06
train,all,non-funct,diff,compose->npmi,add,recall,0.697751985233,0.292579993532,-0.133311116084,3.67270608461e-14
train,all,non-funct,diff,compose->npmi,add,precision,0.00847666147187,0.0144933528902,0.200484666291,2.26716512304e-30
train,all,non-funct,diff,compose->npmi,add,cosine,0.0823354090519,0.0638933099444,0.158042387103,2.39898592231e-19
train,left,non-funct,diff,compose->npmi,add,recall,0.622716503897,0.378274701257,-0.0351270924123,0.160194118908
train,left,non-funct,diff,compose->npmi,add,precision,0.00107658994724,0.001542811854,0.0330469431431,0.18643285512
train,left,non-funct,diff,compose->npmi,add,cosine,0.0397231595797,0.0362339084041,0.0936076754153,0.000177105451704
train,right,non-funct,diff,compose->npmi,add,recall,0.772787466568,0.129821834455,-0.321146655939,1.04692930708e-39
train,right,non-funct,diff,compose->npmi,add,precision,0.0158767329965,0.0175559725007,0.700173589819,4.3426374812e-236
train,right,non-funct,diff,compose->npmi,add,cosine,0.124947658524,0.0567468623177,0.376859205636,3.71002851561e-55
train,all,funct,diff,compose->pmi,mult,recall,0.410022310091,0.293443662285,0.00751642082573,0.670812725231
train,all,funct,diff,compose->pmi,mult,precision,0.129605594435,0.133166728198,0.0755524508678,1.88293981179e-05
train,all,funct,diff,compose->pmi,mult,cosine,0.241426508679,0.176307751513,0.11534618551,5.97869281187e-11
train,left,funct,diff,compose->pmi,mult,recall,0.225536817481,0.271428951965,-0.208705459076,3.31929055746e-17
train,left,funct,diff,compose->pmi,mult,precision,0.0703090980016,0.103114625323,-0.00796205377392,0.750304189136
train,left,funct,diff,compose->pmi,mult,cosine,0.14060746512,0.177746826599,-0.0832850589449,0.000854242292648
train,right,funct,diff,compose->pmi,mult,recall,0.5945078027,0.174570604454,0.325382164174,8.97802838038e-41
train,right,funct,diff,compose->pmi,mult,precision,0.188902090868,0.133424061039,0.132284669358,1.09261796206e-07
train,right,funct,diff,compose->pmi,mult,cosine,0.342245552238,0.101222295137,0.393363517426,2.35068468404e-60
train,all,funct,diff,compose->lmi,mult,recall,0.410022310091,0.293443662285,0.00751642082573,0.670812725231
train,all,funct,diff,compose->lmi,mult,precision,0.129605594435,0.133166728198,0.0755524508678,1.88293981179e-05
train,all,funct,diff,compose->lmi,mult,cosine,0.270982779313,0.303544540366,-0.00179842302771,0.918999164191
train,left,funct,diff,compose->lmi,mult,recall,0.225536817481,0.271428951965,-0.208705459076,3.31929055746e-17
train,left,funct,diff,compose->lmi,mult,precision,0.0703090980016,0.103114625323,-0.00796205377392,0.750304189136
train,left,funct,diff,compose->lmi,mult,cosine,0.225078052313,0.32420146836,-0.112267328398,6.75007545401e-06
train,right,funct,diff,compose->lmi,mult,recall,0.5945078027,0.174570604454,0.325382164174,8.97802838038e-41
train,right,funct,diff,compose->lmi,mult,precision,0.188902090868,0.133424061039,0.132284669358,1.09261796206e-07
train,right,funct,diff,compose->lmi,mult,cosine,0.316887506314,0.273783666356,0.160582239926,1.04539549554e-10
train,all,funct,diff,compose->npmi,mult,recall,0.410022310091,0.293443662285,0.00751642082573,0.670812725231
train,all,funct,diff,compose->npmi,mult,precision,0.129605594435,0.133166728198,0.0755524508678,1.88293981179e-05
train,all,funct,diff,compose->npmi,mult,cosine,0.241647379112,0.176643126488,0.123366836514,2.51040598376e-12
train,left,funct,diff,compose->npmi,mult,recall,0.225536817481,0.271428951965,-0.208705459076,3.31929055746e-17
train,left,funct,diff,compose->npmi,mult,precision,0.0703090980016,0.103114625323,-0.00796205377392,0.750304189136
train,left,funct,diff,compose->npmi,mult,cosine,0.159584736264,0.196062819243,-0.0920130067353,0.000228286140366
train,right,funct,diff,compose->npmi,mult,recall,0.5945078027,0.174570604454,0.325382164174,8.97802838038e-41
train,right,funct,diff,compose->npmi,mult,precision,0.188902090868,0.133424061039,0.132284669358,1.09261796206e-07
train,right,funct,diff,compose->npmi,mult,cosine,0.32371002196,0.102451961813,0.442128729964,1.50767231071e-77
train,all,non-funct,diff,compose->pmi,mult,recall,0.116291645895,0.150330590257,-0.0775479193929,1.1248167865e-05
train,all,non-funct,diff,compose->pmi,mult,precision,0.0285310181106,0.0495893872097,0.169265887667,5.36481848982e-22
train,all,non-funct,diff,compose->pmi,mult,cosine,0.0452427996587,0.05245529838,0.116942848901,3.23448666424e-11
train,left,non-funct,diff,compose->pmi,mult,recall,0.112510361871,0.201264587118,-0.0698682228833,0.00517454894232
train,left,non-funct,diff,compose->pmi,mult,precision,0.00309419638606,0.0098694832416,0.0136057808898,0.586557724141
train,left,non-funct,diff,compose->pmi,mult,cosine,0.0243448298736,0.0500853867601,-0.0128921198752,0.606341173477
train,right,non-funct,diff,compose->pmi,mult,recall,0.120072929919,0.0682828125411,-0.121608679679,1.06807836422e-06
train,right,non-funct,diff,compose->pmi,mult,precision,0.0539678398352,0.0593863970057,0.558907477252,3.93393415013e-132
train,right,non-funct,diff,compose->pmi,mult,cosine,0.0661407694437,0.0460556229692,0.303030979319,2.46806674225e-35
train,all,non-funct,diff,compose->lmi,mult,recall,0.116291645895,0.150330590257,-0.0775479193929,1.1248167865e-05
train,all,non-funct,diff,compose->lmi,mult,precision,0.0285310181106,0.0495893872097,0.169265887667,5.36481848982e-22
train,all,non-funct,diff,compose->lmi,mult,cosine,0.0428206672197,0.106114702586,0.012153393448,0.491921086547
train,left,non-funct,diff,compose->lmi,mult,recall,0.112510361871,0.201264587118,-0.0698682228833,0.00517454894232
train,left,non-funct,diff,compose->lmi,mult,precision,0.00309419638606,0.0098694832416,0.0136057808898,0.586557724141
train,left,non-funct,diff,compose->lmi,mult,cosine,0.0169704593581,0.0753662482268,-0.0134511648698,0.590818416288
train,right,non-funct,diff,compose->lmi,mult,recall,0.120072929919,0.0682828125411,-0.121608679679,1.06807836422e-06
train,right,non-funct,diff,compose->lmi,mult,precision,0.0539678398352,0.0593863970057,0.558907477252,3.93393415013e-132
train,right,non-funct,diff,compose->lmi,mult,cosine,0.0686708750812,0.124515550615,-0.00896578869251,0.720075068035
train,all,non-funct,diff,compose->npmi,mult,recall,0.116291645895,0.150330590257,-0.0775479193929,1.1248167865e-05
train,all,non-funct,diff,compose->npmi,mult,precision,0.0285310181106,0.0495893872097,0.169265887667,5.36481848982e-22
train,all,non-funct,diff,compose->npmi,mult,cosine,0.0498960024005,0.0573767806843,0.101184299457,9.67448873923e-09
train,left,non-funct,diff,compose->npmi,mult,recall,0.112510361871,0.201264587118,-0.0698682228833,0.00517454894232
train,left,non-funct,diff,compose->npmi,mult,precision,0.00309419638606,0.0098694832416,0.0136057808898,0.586557724141
train,left,non-funct,diff,compose->npmi,mult,cosine,0.0271492251757,0.0556784871796,-0.0128114545545,0.608595934795
train,right,non-funct,diff,compose->npmi,mult,recall,0.120072929919,0.0682828125411,-0.121608679679,1.06807836422e-06
train,right,non-funct,diff,compose->npmi,mult,precision,0.0539678398352,0.0593863970057,0.558907477252,3.93393415013e-132
train,right,non-funct,diff,compose->npmi,mult,cosine,0.0726427796253,0.0494900418323,0.256781185047,1.64995919137e-25
train,all,funct,diff,pmi->compose,add,recall,0.810882299153,0.304272343032,0.0121764870817,0.49109860249
train,all,funct,diff,pmi->compose,add,precision,0.0080388474143,0.0126633532432,0.210186551599,2.79609341247e-33
train,all,funct,diff,pmi->compose,add,cosine,0.0937569134825,0.0727204843071,0.210707591043,1.93260075314e-33
train,left,funct,diff,pmi->compose,add,recall,0.668551135357,0.378209887995,-0.147666692485,2.94539278605e-09
train,left,funct,diff,pmi->compose,add,precision,0.00122735049688,0.00187396145618,0.0411215010154,0.100120439753
train,left,funct,diff,pmi->compose,add,cosine,0.0447203367442,0.0425676093697,0.0144793267624,0.562757356038
train,right,funct,diff,pmi->compose,add,recall,0.953213462948,0.0400534357633,0.355644655567,6.65246144458e-49
train,right,funct,diff,pmi->compose,add,precision,0.0148503443317,0.0149805313214,0.702982642913,8.76012766314e-239
train,right,funct,diff,pmi->compose,add,cosine,0.142793490221,0.06289168937,0.63402324264,1.23098178701e-180
train,all,funct,diff,npmi->compose,add,recall,0.810882299153,0.304272343032,0.0121764870817,0.49109860249
train,all,funct,diff,npmi->compose,add,precision,0.0080388474143,0.0126633532432,0.210186551599,2.79609341247e-33
train,all,funct,diff,npmi->compose,add,cosine,0.104951236711,0.0769631841798,0.186600758721,1.83517171104e-26
train,left,funct,diff,npmi->compose,add,recall,0.668551135357,0.378209887995,-0.147666692485,2.94539278605e-09
train,left,funct,diff,npmi->compose,add,precision,0.00122735049688,0.00187396145618,0.0411215010154,0.100120439753
train,left,funct,diff,npmi->compose,add,cosine,0.0526032997467,0.0488085521446,-0.00205367926317,0.934580666588
train,right,funct,diff,npmi->compose,add,recall,0.953213462948,0.0400534357633,0.355644655567,6.65246144458e-49
train,right,funct,diff,npmi->compose,add,precision,0.0148503443317,0.0149805313214,0.702982642913,8.76012766314e-239
train,right,funct,diff,npmi->compose,add,cosine,0.157299173675,0.0631171582611,0.574312079366,4.57011826701e-141
train,all,funct,diff,lmi->compose,add,recall,0.810882299153,0.304272343032,0.0121764870817,0.49109860249
train,all,funct,diff,lmi->compose,add,precision,0.0080388474143,0.0126633532432,0.210186551599,2.79609341247e-33
train,all,funct,diff,lmi->compose,add,cosine,0.194367554333,0.227001813667,-0.100473560877,1.22765937577e-08
train,left,funct,diff,lmi->compose,add,recall,0.668551135357,0.378209887995,-0.147666692485,2.94539278605e-09
train,left,funct,diff,lmi->compose,add,precision,0.00122735049688,0.00187396145618,0.0411215010154,0.100120439753
train,left,funct,diff,lmi->compose,add,cosine,0.119873239193,0.21582578055,-0.155584720835,3.93306986341e-10
train,right,funct,diff,lmi->compose,add,recall,0.953213462948,0.0400534357633,0.355644655567,6.65246144458e-49
train,right,funct,diff,lmi->compose,add,precision,0.0148503443317,0.0149805313214,0.702982642913,8.76012766314e-239
train,right,funct,diff,lmi->compose,add,cosine,0.268861869473,0.213025992052,-0.00214647494308,0.931631770015
train,all,non-funct,diff,pmi->compose,add,recall,0.812576100019,0.295921572801,0.00451184648983,0.798622569101
train,all,non-funct,diff,pmi->compose,add,precision,0.00529187672489,0.00879344647294,0.207082198527,2.47401528332e-32
train,all,non-funct,diff,pmi->compose,add,cosine,0.0702617325342,0.0654060168987,0.193588659871,2.15701840739e-28
train,left,non-funct,diff,pmi->compose,add,recall,0.688524333345,0.376777905433,-0.152388261541,8.9787746076e-10
train,left,non-funct,diff,pmi->compose,add,precision,0.000380303672411,0.000499927673512,0.172942485486,3.28787740867e-12
train,left,non-funct,diff,pmi->compose,add,cosine,0.0199459257473,0.0178560254689,0.089241773902,0.000351550031486
train,right,non-funct,diff,pmi->compose,add,recall,0.936627866693,0.0489885991453,0.342531964606,2.86409301683e-45
train,right,non-funct,diff,pmi->compose,add,precision,0.0102034497774,0.0103030274369,0.644173142095,2.96847379126e-188
train,right,non-funct,diff,pmi->compose,add,cosine,0.120577539321,0.0563355626786,0.64174089613,2.11016743844e-186
train,all,funct,diff,compose->pmi,selectself,recall,0.795718497587,0.301886362767,0.0181815585453,0.303861675931
train,all,funct,diff,compose->pmi,selectself,precision,0.0107160573684,0.0231760325237,0.220363670735,1.71975942576e-36
train,all,funct,diff,compose->pmi,selectself,cosine,0.0869606320307,0.073294627879,0.226761618656,1.35546355151e-38
train,left,funct,diff,compose->pmi,selectself,recall,0.662680758285,0.379335507781,-0.136058336611,4.66826087382e-08
train,left,funct,diff,compose->pmi,selectself,precision,0.00122432039311,0.00187750489644,0.0427189925559,0.0875984891291
train,left,funct,diff,compose->pmi,selectself,cosine,0.0413711743715,0.0381770694308,0.0229073649273,0.359824980228
train,right,funct,diff,compose->pmi,selectself,recall,0.928756236889,0.0545641313428,0.355486265133,7.37760552455e-49
train,right,funct,diff,compose->pmi,selectself,precision,0.0202077943437,0.0298420140209,0.74693449409,1.54431251837e-285
train,right,funct,diff,compose->pmi,selectself,cosine,0.13255008969,0.071623453018,0.656118555295,1.34083532658e-197
train,all,non-funct,diff,lmi->compose,add,recall,0.812576100019,0.295921572801,0.00451184648983,0.798622569101
train,all,non-funct,diff,lmi->compose,add,precision,0.00529187672489,0.00879344647294,0.207082198527,2.47401528332e-32
train,all,non-funct,diff,lmi->compose,add,cosine,0.120782103481,0.174624293241,-0.156766066288,4.67279360199e-19
train,left,non-funct,diff,lmi->compose,add,recall,0.688524333345,0.376777905433,-0.152388261541,8.9787746076e-10
train,left,non-funct,diff,lmi->compose,add,precision,0.000380303672411,0.000499927673512,0.172942485486,3.28787740867e-12
train,left,non-funct,diff,lmi->compose,add,cosine,0.0906074186022,0.179569055882,-0.089664660541,0.000329388260825
train,right,non-funct,diff,lmi->compose,add,recall,0.936627866693,0.0489885991453,0.342531964606,2.86409301683e-45
train,right,non-funct,diff,lmi->compose,add,precision,0.0102034497774,0.0103030274369,0.644173142095,2.96847379126e-188
train,right,non-funct,diff,lmi->compose,add,cosine,0.150956788359,0.164076867761,-0.238316970021,4.25411887946e-22
train,all,funct,diff,compose->lmi,selectself,recall,0.795718497587,0.301886362767,0.0181815585453,0.303861675931
train,all,funct,diff,compose->lmi,selectself,precision,0.0107160573684,0.0231760325237,0.220363670735,1.71975942576e-36
train,all,funct,diff,compose->lmi,selectself,cosine,0.20128996654,0.232554232004,-0.059619763003,0.000740071325792
train,left,funct,diff,compose->lmi,selectself,recall,0.662680758285,0.379335507781,-0.136058336611,4.66826087382e-08
train,left,funct,diff,compose->lmi,selectself,precision,0.00122432039311,0.00187750489644,0.0427189925559,0.0875984891291
train,left,funct,diff,compose->lmi,selectself,cosine,0.119801216917,0.215838709043,-0.154027884074,5.89200586459e-10
train,right,funct,diff,compose->lmi,selectself,recall,0.928756236889,0.0545641313428,0.355486265133,7.37760552455e-49
train,right,funct,diff,compose->lmi,selectself,precision,0.0202077943437,0.0298420140209,0.74693449409,1.54431251837e-285
train,right,funct,diff,compose->lmi,selectself,cosine,0.282778716164,0.219762964792,0.103767139644,3.20102601395e-05
train,all,funct,diff,compose->npmi,selectself,recall,0.795718497587,0.301886362767,0.0181815585453,0.303861675931
train,all,funct,diff,compose->npmi,selectself,precision,0.0107160573684,0.0231760325237,0.220363670735,1.71975942576e-36
train,all,funct,diff,compose->npmi,selectself,cosine,0.0988906536426,0.0785365926024,0.206260487612,4.38019000222e-32
train,left,funct,diff,compose->npmi,selectself,recall,0.662680758285,0.379335507781,-0.136058336611,4.66826087382e-08
train,left,funct,diff,compose->npmi,selectself,precision,0.00122432039311,0.00187750489644,0.0427189925559,0.0875984891291
train,left,funct,diff,compose->npmi,selectself,cosine,0.0498507083425,0.0455699214258,0.00356141341324,0.886806987181
train,right,funct,diff,compose->npmi,selectself,recall,0.928756236889,0.0545641313428,0.355486265133,7.37760552455e-49
train,right,funct,diff,compose->npmi,selectself,precision,0.0202077943437,0.0298420140209,0.74693449409,1.54431251837e-285
train,right,funct,diff,compose->npmi,selectself,cosine,0.147930598943,0.0738210169691,0.609385199303,2.77512958383e-163
train,all,non-funct,diff,npmi->compose,add,recall,0.812576100019,0.295921572801,0.00451184648983,0.798622569101
train,all,non-funct,diff,npmi->compose,add,precision,0.00529187672489,0.00879344647294,0.207082198527,2.47401528332e-32
train,all,non-funct,diff,npmi->compose,add,cosine,0.0778679571188,0.0663015130534,0.179934846,1.08366779705e-24
train,left,non-funct,diff,npmi->compose,add,recall,0.688524333345,0.376777905433,-0.152388261541,8.9787746076e-10
train,left,non-funct,diff,npmi->compose,add,precision,0.000380303672411,0.000499927673512,0.172942485486,3.28787740867e-12
train,left,non-funct,diff,npmi->compose,add,cosine,0.0265825741889,0.0233300592117,0.0775714861875,0.00190205659609
train,right,non-funct,diff,npmi->compose,add,recall,0.936627866693,0.0489885991453,0.342531964606,2.86409301683e-45
train,right,non-funct,diff,npmi->compose,add,precision,0.0102034497774,0.0103030274369,0.644173142095,2.96847379126e-188
train,right,non-funct,diff,npmi->compose,add,cosine,0.129153340049,0.0546544472022,0.576443264524,2.43300848515e-142
train,all,funct,nodiff,pmi->compose,add,recall,0.842090406455,0.289915082399,0.0224351635829,0.204516561978
train,all,funct,nodiff,pmi->compose,add,precision,0.00809471987039,0.0126472404975,0.216282956418,3.48969885016e-35
train,all,funct,nodiff,pmi->compose,add,cosine,0.102108104427,0.0719529403852,0.276582885945,2.76092886503e-57
train,left,funct,nodiff,pmi->compose,add,recall,0.730967349961,0.376564157774,-0.134895647282,6.08169253642e-08
train,left,funct,nodiff,pmi->compose,add,precision,0.00133901138397,0.00204985034375,0.0519202552153,0.037839623263
train,left,funct,nodiff,pmi->compose,add,cosine,0.0614227882456,0.0555737772658,0.0975624118664,9.27655645244e-05
train,right,funct,nodiff,pmi->compose,add,recall,0.953213462948,0.0400534357633,0.355644655567,6.65246144458e-49
train,right,funct,nodiff,pmi->compose,add,precision,0.0148504283568,0.0149807978314,0.702982593057,8.76109831184e-239
train,right,funct,nodiff,pmi->compose,add,cosine,0.142793420609,0.0628921031207,0.634025254492,1.22678920264e-180
train,all,non-funct,diff,compose->pmi,selectself,recall,0.795718497587,0.301886362767,0.0181815585453,0.303861675931
train,all,non-funct,diff,compose->pmi,selectself,precision,0.0107160573684,0.0231760325237,0.220363670735,1.71975942576e-36
train,all,non-funct,diff,compose->pmi,selectself,cosine,0.0869606320307,0.073294627879,0.226761618656,1.35546355151e-38
train,left,non-funct,diff,compose->pmi,selectself,recall,0.662680758285,0.379335507781,-0.136058336611,4.66826087382e-08
train,left,non-funct,diff,compose->pmi,selectself,precision,0.00122432039311,0.00187750489644,0.0427189925559,0.0875984891291
train,left,non-funct,diff,compose->pmi,selectself,cosine,0.0413711743715,0.0381770694308,0.0229073649273,0.359824980228
train,right,non-funct,diff,compose->pmi,selectself,recall,0.928756236889,0.0545641313428,0.355486265133,7.37760552455e-49
train,right,non-funct,diff,compose->pmi,selectself,precision,0.0202077943437,0.0298420140209,0.74693449409,1.54431251837e-285
train,right,non-funct,diff,compose->pmi,selectself,cosine,0.13255008969,0.071623453018,0.656118555295,1.34083532658e-197
train,all,non-funct,diff,compose->lmi,selectself,recall,0.795718497587,0.301886362767,0.0181815585453,0.303861675931
train,all,non-funct,diff,compose->lmi,selectself,precision,0.0107160573684,0.0231760325237,0.220363670735,1.71975942576e-36
train,all,non-funct,diff,compose->lmi,selectself,cosine,0.20128996654,0.232554232004,-0.059619763003,0.000740071325792
train,left,non-funct,diff,compose->lmi,selectself,recall,0.662680758285,0.379335507781,-0.136058336611,4.66826087382e-08
train,left,non-funct,diff,compose->lmi,selectself,precision,0.00122432039311,0.00187750489644,0.0427189925559,0.0875984891291
train,left,non-funct,diff,compose->lmi,selectself,cosine,0.119801216917,0.215838709043,-0.154027884074,5.89200586459e-10
train,right,non-funct,diff,compose->lmi,selectself,recall,0.928756236889,0.0545641313428,0.355486265133,7.37760552455e-49
train,right,non-funct,diff,compose->lmi,selectself,precision,0.0202077943437,0.0298420140209,0.74693449409,1.54431251837e-285
train,right,non-funct,diff,compose->lmi,selectself,cosine,0.282778716164,0.219762964792,0.103767139644,3.20102601395e-05
train,all,non-funct,diff,compose->npmi,selectself,recall,0.795718497587,0.301886362767,0.0181815585453,0.303861675931
train,all,non-funct,diff,compose->npmi,selectself,precision,0.0107160573684,0.0231760325237,0.220363670735,1.71975942576e-36
train,all,non-funct,diff,compose->npmi,selectself,cosine,0.0988906536426,0.0785365926024,0.206260487612,4.38019000222e-32
train,left,non-funct,diff,compose->npmi,selectself,recall,0.662680758285,0.379335507781,-0.136058336611,4.66826087382e-08
train,left,non-funct,diff,compose->npmi,selectself,precision,0.00122432039311,0.00187750489644,0.0427189925559,0.0875984891291
train,left,non-funct,diff,compose->npmi,selectself,cosine,0.0498507083425,0.0455699214258,0.00356141341324,0.886806987181
train,right,non-funct,diff,compose->npmi,selectself,recall,0.928756236889,0.0545641313428,0.355486265133,7.37760552455e-49
train,right,non-funct,diff,compose->npmi,selectself,precision,0.0202077943437,0.0298420140209,0.74693449409,1.54431251837e-285
train,right,non-funct,diff,compose->npmi,selectself,cosine,0.147930598943,0.0738210169691,0.609385199303,2.77512958383e-163
train,all,funct,diff,compose->pmi,selectother,recall,0.592741048442,0.408232784875,-0.0255410760847,0.148600462208
train,all,funct,diff,compose->pmi,selectother,precision,0.0262669963864,0.0540433168129,0.0558653604774,0.00156982357623
train,all,funct,diff,compose->pmi,selectother,cosine,0.0762892877915,0.0795957852229,0.111919328498,2.17291766948e-10
train,left,funct,diff,compose->pmi,selectother,recall,0.237194241821,0.281198283094,-0.224666844198,9.35679876261e-20
train,left,funct,diff,compose->pmi,selectother,precision,0.0387914472771,0.0727384812537,0.0242415560719,0.332521829646
train,left,funct,diff,compose->pmi,selectother,cosine,0.0570488051679,0.0982835124966,-0.0308540517435,0.217392560442
train,right,funct,diff,compose->pmi,selectother,recall,0.948287855063,0.0375296613604,0.182465338831,1.91307170329e-13
train,right,funct,diff,compose->pmi,selectother,precision,0.0137425454958,0.0153866756955,0.204303570532,1.54528391826e-16
train,right,funct,diff,compose->pmi,selectother,cosine,0.0955297704152,0.0476543479512,0.271385327434,2.07233028208e-28
train,all,funct,diff,compose->lmi,selectother,recall,0.592741048442,0.408232784875,-0.0255410760847,0.148600462208
train,all,funct,diff,compose->lmi,selectother,precision,0.0262669963864,0.0540433168129,0.0558653604774,0.00156982357623
train,all,funct,diff,compose->lmi,selectother,cosine,0.147022761419,0.203350112532,-0.0818065433601,3.59297249501e-06
train,left,funct,diff,compose->lmi,selectother,recall,0.237194241821,0.281198283094,-0.224666844198,9.35679876261e-20
train,left,funct,diff,compose->lmi,selectother,precision,0.0387914472771,0.0727384812537,0.0242415560719,0.332521829646
train,left,funct,diff,compose->lmi,selectother,cosine,0.0989065205321,0.190681978297,-0.102135941976,4.2591560943e-05
train,right,funct,diff,compose->lmi,selectother,recall,0.948287855063,0.0375296613604,0.182465338831,1.91307170329e-13
train,right,funct,diff,compose->lmi,selectother,precision,0.0137425454958,0.0153866756955,0.204303570532,1.54528391826e-16
train,right,funct,diff,compose->lmi,selectother,cosine,0.195139002306,0.204236564827,-0.119632975706,1.59601135737e-06
train,all,funct,diff,compose->npmi,selectother,recall,0.592741048442,0.408232784875,-0.0255410760847,0.148600462208
train,all,funct,diff,compose->npmi,selectother,precision,0.0262669963864,0.0540433168129,0.0558653604774,0.00156982357623
train,all,funct,diff,compose->npmi,selectother,cosine,0.0808876756061,0.081818653129,0.107009752422,1.29148899896e-09
train,left,funct,diff,compose->npmi,selectother,recall,0.237194241821,0.281198283094,-0.224666844198,9.35679876261e-20
train,left,funct,diff,compose->npmi,selectother,precision,0.0387914472771,0.0727384812537,0.0242415560719,0.332521829646
train,left,funct,diff,compose->npmi,selectother,cosine,0.0594530181621,0.100060800957,-0.0340182814858,0.173810482098
train,right,funct,diff,compose->npmi,selectother,recall,0.948287855063,0.0375296613604,0.182465338831,1.91307170329e-13
train,right,funct,diff,compose->npmi,selectother,precision,0.0137425454958,0.0153866756955,0.204303570532,1.54528391826e-16
train,right,funct,diff,compose->npmi,selectother,cosine,0.10232233305,0.0495734912231,0.261872031159,1.68584261193e-26
train,all,non-funct,diff,compose->pmi,selectother,recall,0.0601545617941,0.127297008261,0.0347403272681,0.0494101866394
train,all,non-funct,diff,compose->pmi,selectother,precision,0.00427609395153,0.00987805409489,0.115725147524,5.17141249921e-11
train,all,non-funct,diff,compose->pmi,selectother,cosine,0.00857443133214,0.0145946019178,0.0846513361635,1.62398545892e-06
train,left,non-funct,diff,compose->pmi,selectother,recall,0.080361574653,0.173083707426,0.0348883368723,0.163055813724
train,left,non-funct,diff,compose->pmi,selectother,precision,0.000483888090236,0.00116353947107,0.0905371333197,0.000287729476492
train,left,non-funct,diff,compose->pmi,selectother,cosine,0.00671526838183,0.0158145823067,0.0603018667208,0.0158485340479
train,right,non-funct,diff,compose->pmi,selectother,recall,0.0399475489353,0.0404282093421,0.0490964071245,0.0495874542175
train,right,non-funct,diff,compose->pmi,selectother,precision,0.00806829981282,0.012846650564,0.245443087492,2.2166241497e-23
train,right,non-funct,diff,compose->pmi,selectother,cosine,0.0104335942824,0.0129996470334,0.133277859016,8.75492376712e-08
train,all,funct,diff,pmi->compose,mult,recall,0.140703407851,0.141787929828,-0.0185248047075,0.294822166894
train,all,funct,diff,pmi->compose,mult,precision,0.0567088003856,0.103938336479,0.122273630984,3.91562243294e-12
train,all,funct,diff,pmi->compose,mult,cosine,0.135581265404,0.205497801783,0.114775842409,7.43077595435e-11
train,left,funct,diff,pmi->compose,mult,recall,0.0437144685553,0.118530940652,-0.0498797738768,0.0460566865919
train,left,funct,diff,pmi->compose,mult,precision,0.0533069979053,0.13586992046,-0.0200737777673,0.422319053209
train,left,funct,diff,pmi->compose,mult,cosine,0.132808754396,0.283502582818,0.0724628717669,0.00373088142783
train,right,funct,diff,pmi->compose,mult,recall,0.237692347147,0.0856991336382,-0.00595957923947,0.811726767506
train,right,funct,diff,pmi->compose,mult,precision,0.0601106028659,0.0558800122957,0.476293555796,2.19554188084e-91
train,right,funct,diff,pmi->compose,mult,cosine,0.138353776412,0.0637934555936,0.235957732888,1.10775452046e-21
train,all,non-funct,diff,compose->lmi,selectother,recall,0.0601545617941,0.127297008261,0.0347403272681,0.0494101866394
train,all,non-funct,diff,compose->lmi,selectother,precision,0.00427609395153,0.00987805409489,0.115725147524,5.17141249921e-11
train,all,non-funct,diff,compose->lmi,selectother,cosine,0.00479851515028,0.028965715874,0.0446117024176,0.0116064390211
train,left,non-funct,diff,compose->lmi,selectother,recall,0.080361574653,0.173083707426,0.0348883368723,0.163055813724
train,left,non-funct,diff,compose->lmi,selectother,precision,0.000483888090236,0.00116353947107,0.0905371333197,0.000287729476492
train,left,non-funct,diff,compose->lmi,selectother,cosine,0.00491691206335,0.036547486845,0.0562833119379,0.0243628907521
train,right,non-funct,diff,compose->lmi,selectother,recall,0.0399475489353,0.0404282093421,0.0490964071245,0.0495874542175
train,right,non-funct,diff,compose->lmi,selectother,precision,0.00806829981282,0.012846650564,0.245443087492,2.2166241497e-23
train,right,non-funct,diff,compose->lmi,selectother,cosine,0.0046801182372,0.0185007719256,0.0244012698684,0.329345415855
train,all,non-funct,diff,pmi->compose,mult,recall,0.0882688671657,0.132431208014,-0.0390401350348,0.0272148286661
train,all,non-funct,diff,pmi->compose,mult,precision,0.0293281816937,0.0509211125202,0.173076795967,6.11989936972e-23
train,all,non-funct,diff,pmi->compose,mult,cosine,0.0460777867059,0.0627316995847,0.107317227851,1.15773600625e-09
train,left,non-funct,diff,pmi->compose,mult,recall,0.092361089046,0.175909697253,-0.0527191080146,0.0349806243578
train,left,non-funct,diff,pmi->compose,mult,precision,0.00356428926227,0.00837983836356,0.0137209202745,0.58339414651
train,left,non-funct,diff,pmi->compose,mult,cosine,0.0341959393903,0.0705223981513,-0.00851541399364,0.733588052257
train,right,non-funct,diff,pmi->compose,mult,recall,0.0841766452854,0.0640182439982,-0.0274974120942,0.271661335572
train,right,non-funct,diff,pmi->compose,mult,precision,0.055092074125,0.0615478789493,0.526521009981,8.35138572645e-115
train,right,non-funct,diff,pmi->compose,mult,cosine,0.0579596340216,0.0511347927863,0.291602832154,9.90049401348e-33
train,all,funct,diff,npmi->compose,mult,recall,0.140703407851,0.141787929828,-0.0185248047075,0.294822166894
train,all,funct,diff,npmi->compose,mult,precision,0.0567088003856,0.103938336479,0.122273630984,3.91562243294e-12
train,all,funct,diff,npmi->compose,mult,cosine,0.142026753404,0.207695466667,0.103643113566,4.19080676768e-09
train,left,funct,diff,npmi->compose,mult,recall,0.0437144685553,0.118530940652,-0.0498797738768,0.0460566865919
train,left,funct,diff,npmi->compose,mult,precision,0.0533069979053,0.13586992046,-0.0200737777673,0.422319053209
train,left,funct,diff,npmi->compose,mult,cosine,0.134818807347,0.285188377849,0.0727014703828,0.00361848820423
train,right,funct,diff,npmi->compose,mult,recall,0.237692347147,0.0856991336382,-0.00595957923947,0.811726767506
train,right,funct,diff,npmi->compose,mult,precision,0.0601106028659,0.0558800122957,0.476293555796,2.19554188084e-91
train,right,funct,diff,npmi->compose,mult,cosine,0.14923469946,0.0695592834554,0.194721468832,3.89990776103e-15
train,all,non-funct,diff,compose->npmi,selectother,recall,0.0601545617941,0.127297008261,0.0347403272681,0.0494101866394
train,all,non-funct,diff,compose->npmi,selectother,precision,0.00427609395153,0.00987805409489,0.115725147524,5.17141249921e-11
train,all,non-funct,diff,compose->npmi,selectother,cosine,0.00919656335535,0.0165590172551,0.0816987874516,3.70083376841e-06
train,left,non-funct,diff,compose->npmi,selectother,recall,0.080361574653,0.173083707426,0.0348883368723,0.163055813724
train,left,non-funct,diff,compose->npmi,selectother,precision,0.000483888090236,0.00116353947107,0.0905371333197,0.000287729476492
train,left,non-funct,diff,compose->npmi,selectother,cosine,0.00722496728704,0.0181860173149,0.0595043616805,0.0172927413491
train,right,non-funct,diff,compose->npmi,selectother,recall,0.0399475489353,0.0404282093421,0.0490964071245,0.0495874542175
train,right,non-funct,diff,compose->npmi,selectother,precision,0.00806829981282,0.012846650564,0.245443087492,2.2166241497e-23
train,right,non-funct,diff,compose->npmi,selectother,cosine,0.0111681594237,0.0144878051138,0.124722888763,5.5987113933e-07
train,all,funct,diff,lmi->compose,mult,recall,0.140703407851,0.141787929828,-0.0185248047075,0.294822166894
train,all,funct,diff,lmi->compose,mult,precision,0.0567088003856,0.103938336479,0.122273630984,3.91562243294e-12
train,all,funct,diff,lmi->compose,mult,cosine,0.149669901087,0.264735609127,0.0558977147281,0.00155996776408
train,left,funct,diff,lmi->compose,mult,recall,0.0437144685553,0.118530940652,-0.0498797738768,0.0460566865919
train,left,funct,diff,lmi->compose,mult,precision,0.0533069979053,0.13586992046,-0.0200737777673,0.422319053209
train,left,funct,diff,lmi->compose,mult,cosine,0.134860397786,0.303095314393,0.0722961736575,0.00381127681913
train,right,funct,diff,lmi->compose,mult,recall,0.237692347147,0.0856991336382,-0.00595957923947,0.811726767506
train,right,funct,diff,lmi->compose,mult,precision,0.0601106028659,0.0558800122957,0.476293555796,2.19554188084e-91
train,right,funct,diff,lmi->compose,mult,cosine,0.164479404389,0.218779507944,0.0240070709967,0.337220997455
train,all,non-funct,diff,lmi->compose,mult,recall,0.0882688671657,0.132431208014,-0.0390401350348,0.0272148286661
train,all,non-funct,diff,lmi->compose,mult,precision,0.0293281816937,0.0509211125202,0.173076795967,6.11989936972e-23
train,all,non-funct,diff,lmi->compose,mult,cosine,0.040572079449,0.10892965314,0.0305272290919,0.0842379887149
train,left,non-funct,diff,lmi->compose,mult,recall,0.092361089046,0.175909697253,-0.0527191080146,0.0349806243578
train,left,non-funct,diff,lmi->compose,mult,precision,0.00356428926227,0.00837983836356,0.0137209202745,0.58339414651
train,left,non-funct,diff,lmi->compose,mult,cosine,0.0230556959317,0.094718492615,-0.00879724279584,0.725122136905
train,right,non-funct,diff,lmi->compose,mult,recall,0.0841766452854,0.0640182439982,-0.0274974120942,0.271661335572
train,right,non-funct,diff,lmi->compose,mult,precision,0.055092074125,0.0615478789493,0.526521009981,8.35138572645e-115
train,right,non-funct,diff,lmi->compose,mult,cosine,0.0580884629662,0.118937371923,0.041053343809,0.100684872143
train,all,non-funct,diff,npmi->compose,mult,recall,0.0882688671657,0.132431208014,-0.0390401350348,0.0272148286661
train,all,non-funct,diff,npmi->compose,mult,precision,0.0293281816937,0.0509211125202,0.173076795967,6.11989936972e-23
train,all,non-funct,diff,npmi->compose,mult,cosine,0.0502546136901,0.0695893236687,0.094369971732,8.88210634832e-08
train,left,non-funct,diff,npmi->compose,mult,recall,0.092361089046,0.175909697253,-0.0527191080146,0.0349806243578
train,left,non-funct,diff,npmi->compose,mult,precision,0.00356428926227,0.00837983836356,0.0137209202745,0.58339414651
train,left,non-funct,diff,npmi->compose,mult,cosine,0.0379514912692,0.0797122333397,-0.0097968411817,0.695370945673
train,right,non-funct,diff,npmi->compose,mult,recall,0.0841766452854,0.0640182439982,-0.0274974120942,0.271661335572
train,right,non-funct,diff,npmi->compose,mult,precision,0.055092074125,0.0615478789493,0.526521009981,8.35138572645e-115
train,right,non-funct,diff,npmi->compose,mult,cosine,0.0625577361109,0.0550324826872,0.255083184609,3.49169596733e-25
train,all,funct,nodiff,pmi->compose,mult,recall,0.240423150158,0.210175783549,0.0356633824157,0.0436664003608
train,all,funct,nodiff,pmi->compose,mult,precision,0.167457594441,0.251555889386,0.19828222337,9.89361835261e-30
train,all,funct,nodiff,pmi->compose,mult,cosine,0.251371332008,0.26807558474,0.172397507223,9.04479095547e-23
train,left,funct,nodiff,pmi->compose,mult,recall,0.243159379585,0.284586112626,0.052312345155,0.036412482683
train,left,funct,nodiff,pmi->compose,mult,precision,0.274802971524,0.316847218231,0.203166890306,2.28581741137e-16
train,left,funct,nodiff,pmi->compose,mult,cosine,0.364388959453,0.337806827099,0.204605010538,1.3923489292e-16
train,right,funct,nodiff,pmi->compose,mult,recall,0.237686920731,0.0856941688728,-0.00595926543636,0.811736495187
train,right,funct,nodiff,pmi->compose,mult,precision,0.0601122173587,0.0558794354597,0.47631073377,2.15864732638e-91
train,right,funct,nodiff,pmi->compose,mult,cosine,0.138353704564,0.0637935545757,0.235953289803,1.10974194594e-21
train,all,funct,diff,compose->pmi,max,recall,0.807280455287,0.303898096112,-0.0383872596475,0.0298961721112
train,all,funct,diff,compose->pmi,max,precision,0.00472873726256,0.00702242919655,0.157420900597,3.32139610665e-19
train,all,funct,diff,compose->pmi,max,cosine,0.0682863504278,0.047376374433,0.124657906326,1.47756366047e-12
train,left,funct,diff,compose->pmi,max,recall,0.666668208878,0.378726596089,-0.142538866672,1.02608000446e-08
train,left,funct,diff,compose->pmi,max,precision,0.00122300134168,0.00186793702787,0.0440460048927,0.0781845861648
train,left,funct,diff,compose->pmi,max,cosine,0.0414576264836,0.0381787712366,0.0223811351761,0.370970041537
train,right,funct,diff,compose->pmi,max,recall,0.947892701696,0.0416012424803,0.184946510724,8.88558737621e-14
train,right,funct,diff,compose->pmi,max,precision,0.00823447318344,0.00839996822656,0.456036640526,5.43094451494e-83
train,right,funct,diff,compose->pmi,max,cosine,0.0951150743719,0.0398981488135,0.301803292202,4.7610056625e-35
train,all,funct,diff,compose->lmi,max,recall,0.807280455287,0.303898096112,-0.0383872596475,0.0298961721112
train,all,funct,diff,compose->lmi,max,precision,0.00472873726256,0.00702242919655,0.157420900597,3.32139610665e-19
train,all,funct,diff,compose->lmi,max,cosine,0.190642961895,0.222995033262,-0.13391481068,2.81204645257e-14
train,left,funct,diff,compose->lmi,max,recall,0.666668208878,0.378726596089,-0.142538866672,1.02608000446e-08
train,left,funct,diff,compose->lmi,max,precision,0.00122300134168,0.00186793702787,0.0440460048927,0.0781845861648
train,left,funct,diff,compose->lmi,max,cosine,0.119818294969,0.215831514936,-0.155181265984,4.36908644611e-10
train,right,funct,diff,compose->lmi,max,recall,0.947892701696,0.0416012424803,0.184946510724,8.88558737621e-14
train,right,funct,diff,compose->lmi,max,precision,0.00823447318344,0.00839996822656,0.456036640526,5.43094451494e-83
train,right,funct,diff,compose->lmi,max,cosine,0.261467628821,0.206973573167,-0.0933372011863,0.000184949122643
train,all,funct,diff,compose->npmi,max,recall,0.807280455287,0.303898096112,-0.0383872596475,0.0298961721112
train,all,funct,diff,compose->npmi,max,precision,0.00472873726256,0.00702242919655,0.157420900597,3.32139610665e-19
train,all,funct,diff,compose->npmi,max,cosine,0.0797762841903,0.054014561662,0.0908640812297,2.62306822201e-07
train,left,funct,diff,compose->npmi,max,recall,0.666668208878,0.378726596089,-0.142538866672,1.02608000446e-08
train,left,funct,diff,compose->npmi,max,precision,0.00122300134168,0.00186793702787,0.0440460048927,0.0781845861648
train,left,funct,diff,compose->npmi,max,cosine,0.0499378244901,0.0455560730204,0.00316187856905,0.899433812723
train,right,funct,diff,compose->npmi,max,recall,0.947892701696,0.0416012424803,0.184946510724,8.88558737621e-14
train,right,funct,diff,compose->npmi,max,precision,0.00823447318344,0.00839996822656,0.456036640526,5.43094451494e-83
train,right,funct,diff,compose->npmi,max,cosine,0.109614743891,0.0444873307748,0.231001423064,7.99593293086e-21
train,all,non-funct,diff,compose->pmi,max,recall,0.694629337449,0.292485750968,-0.134587264711,2.08560114016e-14
train,all,non-funct,diff,compose->pmi,max,precision,0.00845430089937,0.014448803989,0.199515463076,4.3450411822e-30
train,all,non-funct,diff,compose->pmi,max,cosine,0.0724732758366,0.0578216137608,0.182371219067,2.48527061685e-25
train,left,non-funct,diff,compose->pmi,max,recall,0.62118385828,0.378085953602,-0.0338797843286,0.175570188622
train,left,non-funct,diff,compose->pmi,max,precision,0.00108185424916,0.001550285276,0.0304595067301,0.223333967165
train,left,non-funct,diff,compose->pmi,max,cosine,0.033841125964,0.0306143825693,0.0943104021174,0.00015816224295
train,right,non-funct,diff,compose->pmi,max,recall,0.768074816617,0.131751143857,-0.325486822785,8.44511571037e-41
train,right,non-funct,diff,compose->pmi,max,precision,0.0158267475496,0.0175050435522,0.698557785957,1.49221206487e-234
train,right,non-funct,diff,compose->pmi,max,cosine,0.111105425709,0.0525790034913,0.453579541276,5.18830511727e-82
train,all,non-funct,diff,compose->lmi,max,recall,0.694629337449,0.292485750968,-0.134587264711,2.08560114016e-14
train,all,non-funct,diff,compose->lmi,max,precision,0.00845430089937,0.014448803989,0.199515463076,4.3450411822e-30
train,all,non-funct,diff,compose->lmi,max,cosine,0.155899770146,0.205641067079,-0.103137903095,4.98472116688e-09
train,left,non-funct,diff,compose->lmi,max,recall,0.62118385828,0.378085953602,-0.0338797843286,0.175570188622
train,left,non-funct,diff,compose->lmi,max,precision,0.00108185424916,0.001550285276,0.0304595067301,0.223333967165
train,left,non-funct,diff,compose->lmi,max,cosine,0.0947249629168,0.187885812701,-0.0651953657507,0.00909261951768
train,right,non-funct,diff,compose->lmi,max,recall,0.768074816617,0.131751143857,-0.325486822785,8.44511571037e-41
train,right,non-funct,diff,compose->lmi,max,precision,0.0158267475496,0.0175050435522,0.698557785957,1.49221206487e-234
train,right,non-funct,diff,compose->lmi,max,cosine,0.217074577376,0.204427748226,-0.118949202505,1.83133879717e-06
train,all,non-funct,diff,compose->npmi,max,recall,0.694629337449,0.292485750968,-0.134587264711,2.08560114016e-14
train,all,non-funct,diff,compose->npmi,max,precision,0.00845430089937,0.014448803989,0.199515463076,4.3450411822e-30
train,all,non-funct,diff,compose->npmi,max,cosine,0.082132171984,0.0637050280928,0.1557418785,7.94663605198e-19
train,left,non-funct,diff,compose->npmi,max,recall,0.62118385828,0.378085953602,-0.0338797843286,0.175570188622
train,left,non-funct,diff,compose->npmi,max,precision,0.00108185424916,0.001550285276,0.0304595067301,0.223333967165
train,left,non-funct,diff,compose->npmi,max,cosine,0.0397497061627,0.0362062387053,0.091535413853,0.000246129523738
train,right,non-funct,diff,compose->npmi,max,recall,0.768074816617,0.131751143857,-0.325486822785,8.44511571037e-41
train,right,non-funct,diff,compose->npmi,max,precision,0.0158267475496,0.0175050435522,0.698557785957,1.49221206487e-234
train,right,non-funct,diff,compose->npmi,max,cosine,0.124514637805,0.056685295,0.371217257395,1.8996514212e-53
train,all,funct,diff,compose->pmi,gm,recall,0.614605410084,0.428596567829,-0.0347643331983,0.0492531526945
train,all,funct,diff,compose->pmi,gm,precision,0.052728040646,0.073448997755,0.277979120488,7.18455140291e-58
train,all,funct,diff,compose->pmi,gm,cosine,0.178572882498,0.146777970592,0.254578717713,1.62306069199e-48
train,left,funct,diff,compose->pmi,gm,recall,0.233917133825,0.278356686647,-0.221448250858,3.17381173435e-19
train,left,funct,diff,compose->pmi,gm,precision,0.0596108223231,0.0914367379981,0.0391335240112,0.117649289555
train,left,funct,diff,compose->pmi,gm,cosine,0.101893118174,0.145403936047,-0.0346631290681,0.165790265795
train,right,funct,diff,compose->pmi,gm,recall,0.995293686342,0.00777583099772,0.133795742834,7.79477484839e-08
train,right,funct,diff,compose->pmi,gm,precision,0.0458452589689,0.048312401301,0.732091743595,1.03351813147e-268
train,right,funct,diff,compose->pmi,gm,cosine,0.255252646822,0.100924071316,0.704487427045,3.05898883162e-240
train,all,non-funct,diff,pmi->compose,selectself,recall,0.795718497587,0.301886362767,0.0181815585453,0.303861675931
train,all,non-funct,diff,pmi->compose,selectself,precision,0.0107160573684,0.0231760325237,0.220363670735,1.71975942576e-36
train,all,non-funct,diff,pmi->compose,selectself,cosine,0.0869606320307,0.073294627879,0.226761618656,1.35546355151e-38
train,left,non-funct,diff,pmi->compose,selectself,recall,0.662680758285,0.379335507781,-0.136058336611,4.66826087382e-08
train,left,non-funct,diff,pmi->compose,selectself,precision,0.00122432039311,0.00187750489644,0.0427189925559,0.0875984891291
train,left,non-funct,diff,pmi->compose,selectself,cosine,0.0413711743715,0.0381770694308,0.0229073649273,0.359824980228
train,right,non-funct,diff,pmi->compose,selectself,recall,0.928756236889,0.0545641313428,0.355486265133,7.37760552455e-49
train,right,non-funct,diff,pmi->compose,selectself,precision,0.0202077943437,0.0298420140209,0.74693449409,1.54431251837e-285
train,right,non-funct,diff,pmi->compose,selectself,cosine,0.13255008969,0.071623453018,0.656118555295,1.34083532658e-197
train,all,funct,diff,pmi->compose,selectself,recall,0.795718497587,0.301886362767,0.0181815585453,0.303861675931
train,all,funct,diff,pmi->compose,selectself,precision,0.0107160573684,0.0231760325237,0.220363670735,1.71975942576e-36
train,all,funct,diff,pmi->compose,selectself,cosine,0.0869606320307,0.073294627879,0.226761618656,1.35546355151e-38
train,left,funct,diff,pmi->compose,selectself,recall,0.662680758285,0.379335507781,-0.136058336611,4.66826087382e-08
train,left,funct,diff,pmi->compose,selectself,precision,0.00122432039311,0.00187750489644,0.0427189925559,0.0875984891291
train,left,funct,diff,pmi->compose,selectself,cosine,0.0413711743715,0.0381770694308,0.0229073649273,0.359824980228
train,right,funct,diff,pmi->compose,selectself,recall,0.928756236889,0.0545641313428,0.355486265133,7.37760552455e-49
train,right,funct,diff,pmi->compose,selectself,precision,0.0202077943437,0.0298420140209,0.74693449409,1.54431251837e-285
train,right,funct,diff,pmi->compose,selectself,cosine,0.13255008969,0.071623453018,0.656118555295,1.34083532658e-197
train,all,funct,diff,compose->lmi,gm,recall,0.614605410084,0.428596567829,-0.0347643331983,0.0492531526945
train,all,funct,diff,compose->lmi,gm,precision,0.052728040646,0.073448997755,0.277979120488,7.18455140291e-58
train,all,funct,diff,compose->lmi,gm,cosine,0.338812833485,0.292074579105,0.0168268978644,0.341315832826
train,left,funct,diff,compose->lmi,gm,recall,0.233917133825,0.278356686647,-0.221448250858,3.17381173435e-19
train,left,funct,diff,compose->lmi,gm,precision,0.0596108223231,0.0914367379981,0.0391335240112,0.117649289555
train,left,funct,diff,compose->lmi,gm,cosine,0.23769997609,0.316328417675,-0.117527999383,2.43150633187e-06
train,right,funct,diff,compose->lmi,gm,recall,0.995293686342,0.00777583099772,0.133795742834,7.79477484839e-08
train,right,funct,diff,compose->lmi,gm,precision,0.0458452589689,0.048312401301,0.732091743595,1.03351813147e-268
train,right,funct,diff,compose->lmi,gm,cosine,0.43992569088,0.223838852368,0.21286085207,7.52619872408e-18
train,all,non-funct,diff,lmi->compose,selectself,recall,0.795718497587,0.301886362767,0.0181815585453,0.303861675931
train,all,non-funct,diff,lmi->compose,selectself,precision,0.0107160573684,0.0231760325237,0.220363670735,1.71975942576e-36
train,all,non-funct,diff,lmi->compose,selectself,cosine,0.20128996654,0.232554232004,-0.059619763003,0.000740071325792
train,left,non-funct,diff,lmi->compose,selectself,recall,0.662680758285,0.379335507781,-0.136058336611,4.66826087382e-08
train,left,non-funct,diff,lmi->compose,selectself,precision,0.00122432039311,0.00187750489644,0.0427189925559,0.0875984891291
train,left,non-funct,diff,lmi->compose,selectself,cosine,0.119801216917,0.215838709043,-0.154027884074,5.89200586459e-10
train,right,non-funct,diff,lmi->compose,selectself,recall,0.928756236889,0.0545641313428,0.355486265133,7.37760552455e-49
train,right,non-funct,diff,lmi->compose,selectself,precision,0.0202077943437,0.0298420140209,0.74693449409,1.54431251837e-285
train,right,non-funct,diff,lmi->compose,selectself,cosine,0.282778716164,0.219762964792,0.103767139644,3.20102601395e-05
train,all,funct,diff,compose->npmi,gm,recall,0.614605410084,0.428596567829,-0.0347643331983,0.0492531526945
train,all,funct,diff,compose->npmi,gm,precision,0.052728040646,0.073448997755,0.277979120488,7.18455140291e-58
train,all,funct,diff,compose->npmi,gm,cosine,0.19118552455,0.151807335039,0.243927354335,1.44676776365e-44
train,left,funct,diff,compose->npmi,gm,recall,0.233917133825,0.278356686647,-0.221448250858,3.17381173435e-19
train,left,funct,diff,compose->npmi,gm,precision,0.0596108223231,0.0914367379981,0.0391335240112,0.117649289555
train,left,funct,diff,compose->npmi,gm,cosine,0.112317797452,0.152939930641,-0.0422951191545,0.0907910968616
train,right,funct,diff,compose->npmi,gm,recall,0.995293686342,0.00777583099772,0.133795742834,7.79477484839e-08
train,right,funct,diff,compose->npmi,gm,precision,0.0458452589689,0.048312401301,0.732091743595,1.03351813147e-268
train,right,funct,diff,compose->npmi,gm,cosine,0.270053251648,0.101292027345,0.682470632355,8.37664764983e-220
train,all,funct,diff,npmi->compose,selectself,recall,0.795718497587,0.301886362767,0.0181815585453,0.303861675931
train,all,funct,diff,npmi->compose,selectself,precision,0.0107160573684,0.0231760325237,0.220363670735,1.71975942576e-36
train,all,funct,diff,npmi->compose,selectself,cosine,0.0988906536426,0.0785365926024,0.206260487612,4.38019000222e-32
train,left,funct,diff,npmi->compose,selectself,recall,0.662680758285,0.379335507781,-0.136058336611,4.66826087382e-08
train,left,funct,diff,npmi->compose,selectself,precision,0.00122432039311,0.00187750489644,0.0427189925559,0.0875984891291
train,left,funct,diff,npmi->compose,selectself,cosine,0.0498507083425,0.0455699214258,0.00356141341324,0.886806987181
train,right,funct,diff,npmi->compose,selectself,recall,0.928756236889,0.0545641313428,0.355486265133,7.37760552455e-49
train,right,funct,diff,npmi->compose,selectself,precision,0.0202077943437,0.0298420140209,0.74693449409,1.54431251837e-285
train,right,funct,diff,npmi->compose,selectself,cosine,0.147930598943,0.0738210169691,0.609385199303,2.77512958383e-163
train,all,non-funct,diff,compose->pmi,gm,recall,0.122808110791,0.156631646898,-0.0817471967205,3.65199878195e-06
train,all,non-funct,diff,compose->pmi,gm,precision,0.0247076863732,0.0417842720566,0.184774880058,5.69610449667e-26
train,all,non-funct,diff,compose->pmi,gm,cosine,0.035356049014,0.0395178535968,0.159250944158,1.2694854563e-19
train,left,non-funct,diff,compose->pmi,gm,recall,0.117788855697,0.208366166809,-0.0757239504274,0.00243791060702
train,left,non-funct,diff,compose->pmi,gm,precision,0.00241802767164,0.00545540315039,0.0187030262601,0.454700403363
train,left,non-funct,diff,compose->pmi,gm,cosine,0.0176953976723,0.0323814007952,-0.0115464472212,0.644431087148
train,right,non-funct,diff,compose->pmi,gm,recall,0.127827365886,0.0748338179267,-0.121995324847,9.86611812484e-07
train,right,non-funct,diff,compose->pmi,gm,precision,0.0469973450748,0.0496833129833,0.612593935705,1.86173762706e-165
train,right,non-funct,diff,compose->pmi,gm,cosine,0.0530167003556,0.0380915893173,0.420236301396,1.77428921675e-69
train,all,funct,diff,lmi->compose,selectself,recall,0.795718497587,0.301886362767,0.0181815585453,0.303861675931
train,all,funct,diff,lmi->compose,selectself,precision,0.0107160573684,0.0231760325237,0.220363670735,1.71975942576e-36
train,all,funct,diff,lmi->compose,selectself,cosine,0.20128996654,0.232554232004,-0.059619763003,0.000740071325792
train,left,funct,diff,lmi->compose,selectself,recall,0.662680758285,0.379335507781,-0.136058336611,4.66826087382e-08
train,left,funct,diff,lmi->compose,selectself,precision,0.00122432039311,0.00187750489644,0.0427189925559,0.0875984891291
train,left,funct,diff,lmi->compose,selectself,cosine,0.119801216917,0.215838709043,-0.154027884074,5.89200586459e-10
train,right,funct,diff,lmi->compose,selectself,recall,0.928756236889,0.0545641313428,0.355486265133,7.37760552455e-49
train,right,funct,diff,lmi->compose,selectself,precision,0.0202077943437,0.0298420140209,0.74693449409,1.54431251837e-285
train,right,funct,diff,lmi->compose,selectself,cosine,0.282778716164,0.219762964792,0.103767139644,3.20102601395e-05
train,all,non-funct,diff,compose->lmi,gm,recall,0.122808110791,0.156631646898,-0.0817471967205,3.65199878195e-06
train,all,non-funct,diff,compose->lmi,gm,precision,0.0247076863732,0.0417842720566,0.184774880058,5.69610449667e-26
train,all,non-funct,diff,compose->lmi,gm,cosine,0.053478705799,0.0982807471459,0.0174234089968,0.324473509613
train,left,non-funct,diff,compose->lmi,gm,recall,0.117788855697,0.208366166809,-0.0757239504274,0.00243791060702
train,left,non-funct,diff,compose->lmi,gm,precision,0.00241802767164,0.00545540315039,0.0187030262601,0.454700403363
train,left,non-funct,diff,compose->lmi,gm,cosine,0.0245021612089,0.0723406118744,-0.023610419059,0.34526663102
train,right,non-funct,diff,compose->lmi,gm,recall,0.127827365886,0.0748338179267,-0.121995324847,9.86611812484e-07
train,right,non-funct,diff,compose->lmi,gm,precision,0.0469973450748,0.0496833129833,0.612593935705,1.86173762706e-165
train,right,non-funct,diff,compose->lmi,gm,cosine,0.0824552503891,0.11138117489,0.0306387693367,0.220620240773
train,all,non-funct,diff,npmi->compose,selectself,recall,0.795718497587,0.301886362767,0.0181815585453,0.303861675931
train,all,non-funct,diff,npmi->compose,selectself,precision,0.0107160573684,0.0231760325237,0.220363670735,1.71975942576e-36
train,all,non-funct,diff,npmi->compose,selectself,cosine,0.0988906536426,0.0785365926024,0.206260487612,4.38019000222e-32
train,left,non-funct,diff,npmi->compose,selectself,recall,0.662680758285,0.379335507781,-0.136058336611,4.66826087382e-08
train,left,non-funct,diff,npmi->compose,selectself,precision,0.00122432039311,0.00187750489644,0.0427189925559,0.0875984891291
train,left,non-funct,diff,npmi->compose,selectself,cosine,0.0498507083425,0.0455699214258,0.00356141341324,0.886806987181
train,right,non-funct,diff,npmi->compose,selectself,recall,0.928756236889,0.0545641313428,0.355486265133,7.37760552455e-49
train,right,non-funct,diff,npmi->compose,selectself,precision,0.0202077943437,0.0298420140209,0.74693449409,1.54431251837e-285
train,right,non-funct,diff,npmi->compose,selectself,cosine,0.147930598943,0.0738210169691,0.609385199303,2.77512958383e-163
train,all,non-funct,diff,compose->npmi,gm,recall,0.122808110791,0.156631646898,-0.0817471967205,3.65199878195e-06
train,all,non-funct,diff,compose->npmi,gm,precision,0.0247076863732,0.0417842720566,0.184774880058,5.69610449667e-26
train,all,non-funct,diff,compose->npmi,gm,cosine,0.0379441905853,0.0426011962609,0.15118125184,8.09588559742e-18
train,left,non-funct,diff,compose->npmi,gm,recall,0.117788855697,0.208366166809,-0.0757239504274,0.00243791060702
train,left,non-funct,diff,compose->npmi,gm,precision,0.00241802767164,0.00545540315039,0.0187030262601,0.454700403363
train,left,non-funct,diff,compose->npmi,gm,cosine,0.0194163685165,0.0363391527421,-0.0120963531967,0.628745253955
train,right,non-funct,diff,compose->npmi,gm,recall,0.127827365886,0.0748338179267,-0.121995324847,9.86611812484e-07
train,right,non-funct,diff,compose->npmi,gm,precision,0.0469973450748,0.0496833129833,0.612593935705,1.86173762706e-165
train,right,non-funct,diff,compose->npmi,gm,cosine,0.0564720126542,0.040281874863,0.397601176877,9.72372990012e-62
train,all,funct,nodiff,pmi->compose,selectself,recall,0.820837887561,0.291881390693,0.0305646294195,0.0838583444167
train,all,funct,nodiff,pmi->compose,selectself,precision,0.0107661365371,0.0231628261494,0.225350873007,3.99523057616e-38
train,all,funct,nodiff,pmi->compose,selectself,cosine,0.0881572341241,0.0730223883619,0.23271795328,1.30164196941e-40
train,left,funct,nodiff,pmi->compose,selectself,recall,0.712919538234,0.379630751907,-0.123243464645,7.62427885127e-07
train,left,funct,nodiff,pmi->compose,selectself,precision,0.00132447873055,0.00204876190776,0.0502780520943,0.0443442493699
train,left,funct,nodiff,pmi->compose,selectself,cosine,0.0437643785584,0.0399145102862,0.0276795986058,0.268496905723
train,right,funct,nodiff,pmi->compose,selectself,recall,0.928756236889,0.0545641313428,0.355486265133,7.37760552455e-49
train,right,funct,nodiff,pmi->compose,selectself,precision,0.0202077943437,0.0298420140209,0.74693449409,1.54431251837e-285
train,right,funct,nodiff,pmi->compose,selectself,cosine,0.13255008969,0.071623453018,0.656118555295,1.34083532658e-197
train,all,funct,diff,pmi->compose,selectother,recall,0.155867209417,0.154689273445,-0.0385074562046,0.0293861284388
train,all,funct,diff,pmi->compose,selectother,precision,0.0220673058442,0.0435457050902,0.034173402328,0.053242501047
train,all,funct,diff,pmi->compose,selectother,cosine,0.057763479216,0.101949449646,0.0540731363913,0.00221424131457
train,left,funct,diff,pmi->compose,selectother,recall,0.0495848456278,0.13147494559,-0.0632941737983,0.0113308066453
train,left,funct,diff,pmi->compose,selectother,precision,0.0207780756966,0.0566359411405,-0.0227848120932,0.362401586664
train,left,funct,diff,pmi->compose,selectother,cosine,0.0445974602531,0.138320308478,0.0261981598465,0.294967159927
train,right,funct,diff,pmi->compose,selectother,recall,0.262149573207,0.0893308435807,-0.0489944528673,0.0500632399579
train,right,funct,diff,pmi->compose,selectother,precision,0.0233565359919,0.0241143692845,0.140545479251,1.64732392287e-08
train,right,funct,diff,pmi->compose,selectother,cosine,0.070929498179,0.0361688362863,0.0952298161362,0.000136244646014
train,all,non-funct,diff,pmi->compose,selectother,recall,0.105126469598,0.154477290152,-0.0551927712243,0.00178813733395
train,all,non-funct,diff,pmi->compose,selectother,precision,0.0016181067883,0.00342011752169,0.0653906621566,0.000214268493167
train,all,non-funct,diff,pmi->compose,selectother,cosine,0.00771389962268,0.0107998899071,0.0550625938736,0.0018334856887
train,left,non-funct,diff,pmi->compose,selectother,recall,0.118204664106,0.206549168584,-0.0630595515195,0.0116384248871
train,left,non-funct,diff,pmi->compose,selectother,precision,0.000104027538,0.000235522293431,0.0397506308728,0.11196768571
train,left,non-funct,diff,pmi->compose,selectother,cosine,0.00316783676111,0.00593318877288,0.00491328166404,0.844313644097
train,right,non-funct,diff,pmi->compose,selectother,recall,0.0920482750892,0.068715565627,-0.0574797871689,0.0214881535189
train,right,non-funct,diff,pmi->compose,selectother,precision,0.0031321860386,0.00433059638171,0.162789159122,5.74540740559e-11
train,right,non-funct,diff,pmi->compose,selectother,cosine,0.0122599624842,0.0125195503079,0.104686166048,2.72021744955e-05
train,all,funct,diff,lmi->compose,selectother,recall,0.155867209417,0.154689273445,-0.0385074562046,0.0293861284388
train,all,funct,diff,lmi->compose,selectother,precision,0.0220673058442,0.0435457050902,0.034173402328,0.053242501047
train,all,funct,diff,lmi->compose,selectother,cosine,0.0691332070036,0.156319990632,0.0114276753674,0.518139819033
train,left,funct,diff,lmi->compose,selectother,recall,0.0495848456278,0.13147494559,-0.0632941737983,0.0113308066453
train,left,funct,diff,lmi->compose,selectother,precision,0.0207780756966,0.0566359411405,-0.0227848120932,0.362401586664
train,left,funct,diff,lmi->compose,selectother,cosine,0.0347697520936,0.141205059371,0.0255223781035,0.307603532204
train,right,funct,diff,lmi->compose,selectother,recall,0.262149573207,0.0893308435807,-0.0489944528673,0.0500632399579
train,right,funct,diff,lmi->compose,selectother,precision,0.0233565359919,0.0241143692845,0.140545479251,1.64732392287e-08
train,right,funct,diff,lmi->compose,selectother,cosine,0.103496661914,0.163007104396,-0.0583029780398,0.0196859363067
train,all,funct,diff,npmi->compose,selectother,recall,0.155867209417,0.154689273445,-0.0385074562046,0.0293861284388
train,all,funct,diff,npmi->compose,selectother,precision,0.0220673058442,0.0435457050902,0.034173402328,0.053242501047
train,all,funct,diff,npmi->compose,selectother,cosine,0.0604092536901,0.103208248199,0.0521106445088,0.00319139453824
train,left,funct,diff,npmi->compose,selectother,recall,0.0495848456278,0.13147494559,-0.0632941737983,0.0113308066453
train,left,funct,diff,npmi->compose,selectother,precision,0.0207780756966,0.0566359411405,-0.0227848120932,0.362401586664
train,left,funct,diff,npmi->compose,selectother,cosine,0.0448252032151,0.138841794801,0.0266523881918,0.286671616458
train,right,funct,diff,npmi->compose,selectother,recall,0.262149573207,0.0893308435807,-0.0489944528673,0.0500632399579
train,right,funct,diff,npmi->compose,selectother,precision,0.0233565359919,0.0241143692845,0.140545479251,1.64732392287e-08
train,right,funct,diff,npmi->compose,selectother,cosine,0.0759933041651,0.0392570471477,0.0828028766229,0.000915707650699
train,all,non-funct,diff,lmi->compose,selectother,recall,0.105126469598,0.154477290152,-0.0551927712243,0.00178813733395
train,all,non-funct,diff,lmi->compose,selectother,precision,0.0016181067883,0.00342011752169,0.0653906621566,0.000214268493167
train,all,non-funct,diff,lmi->compose,selectother,cosine,0.00176789693243,0.0159827515604,0.0292154758932,0.0984563176872
train,left,non-funct,diff,lmi->compose,selectother,recall,0.118204664106,0.206549168584,-0.0630595515195,0.0116384248871
train,left,non-funct,diff,lmi->compose,selectother,precision,0.000104027538,0.000235522293431,0.0397506308728,0.11196768571
train,left,non-funct,diff,lmi->compose,selectother,cosine,0.00233194184856,0.0218277354176,-3.58428383735e-05,0.998856956519
train,right,non-funct,diff,lmi->compose,selectother,recall,0.0920482750892,0.068715565627,-0.0574797871689,0.0214881535189
train,right,non-funct,diff,lmi->compose,selectother,precision,0.0031321860386,0.00433059638171,0.162789159122,5.74540740559e-11
train,right,non-funct,diff,lmi->compose,selectother,cosine,0.00120385201631,0.00581466835591,0.0323317916184,0.196149835335
train,all,funct,nodiff,pmi->compose,selectother,recall,0.261675669051,0.216427947416,0.0154519784624,0.382223608174
train,all,funct,nodiff,pmi->compose,selectother,precision,0.0763931443595,0.146415537706,0.133412828835,3.51143813374e-14
train,all,funct,nodiff,pmi->compose,selectother,cosine,0.128485944105,0.168031138565,0.149783841916,1.62562507817e-17
train,left,funct,nodiff,pmi->compose,selectother,recall,0.261207191312,0.292749775142,0.0435229408192,0.0817920116829
train,left,funct,nodiff,pmi->compose,selectother,precision,0.129429147207,0.191488357128,0.246345012461,1.51464490247e-23
train,left,funct,nodiff,pmi->compose,selectother,cosine,0.186042087838,0.220307238881,0.263353654989,8.59755656153e-27
train,right,funct,nodiff,pmi->compose,selectother,recall,0.26214414679,0.0893266088985,-0.0489875856678,0.0500954238075
train,right,funct,nodiff,pmi->compose,selectother,precision,0.0233571415119,0.0241162445589,0.140575740616,1.63560787076e-08
train,right,funct,nodiff,pmi->compose,selectother,cosine,0.0709298003716,0.0361694372243,0.0952314892584,0.000136207503077
train,all,non-funct,diff,npmi->compose,selectother,recall,0.105126469598,0.154477290152,-0.0551927712243,0.00178813733395
train,all,non-funct,diff,npmi->compose,selectother,precision,0.0016181067883,0.00342011752169,0.0653906621566,0.000214268493167
train,all,non-funct,diff,npmi->compose,selectother,cosine,0.0077641786892,0.0111332494628,0.0532337391526,0.00259263895016
train,left,non-funct,diff,npmi->compose,selectother,recall,0.118204664106,0.206549168584,-0.0630595515195,0.0116384248871
train,left,non-funct,diff,npmi->compose,selectother,precision,0.000104027538,0.000235522293431,0.0397506308728,0.11196768571
train,left,non-funct,diff,npmi->compose,selectother,cosine,0.00337784489106,0.00669979977484,0.00443868352201,0.859186780305
train,right,non-funct,diff,npmi->compose,selectother,recall,0.0920482750892,0.068715565627,-0.0574797871689,0.0214881535189
train,right,non-funct,diff,npmi->compose,selectother,precision,0.0031321860386,0.00433059638171,0.162789159122,5.74540740559e-11
train,right,non-funct,diff,npmi->compose,selectother,cosine,0.0121505124874,0.0128269763313,0.0997410719688,6.42875304228e-05
train,all,funct,diff,pmi->compose,max,recall,0.810882299153,0.304272343032,0.0121764870817,0.49109860249
train,all,funct,diff,pmi->compose,max,precision,0.0080388474143,0.0126633532432,0.210186551599,2.79609341247e-33
train,all,funct,diff,pmi->compose,max,cosine,0.0875520331988,0.0680352239897,0.215334436825,6.96402633825e-35
train,left,funct,diff,pmi->compose,max,recall,0.668551135357,0.378209887995,-0.147666692485,2.94539278605e-09
train,left,funct,diff,pmi->compose,max,precision,0.00122735049688,0.00187396145618,0.0411215010154,0.100120439753
train,left,funct,diff,pmi->compose,max,cosine,0.0424241479843,0.039095826723,0.0180989346601,0.469402942817
train,right,funct,diff,pmi->compose,max,recall,0.953213462948,0.0400534357633,0.355644655567,6.65246144458e-49
train,right,funct,diff,pmi->compose,max,precision,0.0148503443317,0.0149805313214,0.702982642913,8.76012766314e-239
train,right,funct,diff,pmi->compose,max,cosine,0.132679918413,0.0604652602048,0.639118604898,2.00462638777e-184
train,all,funct,diff,lmi->compose,max,recall,0.810882299153,0.304272343032,0.0121764870817,0.49109860249
train,all,funct,diff,lmi->compose,max,precision,0.0080388474143,0.0126633532432,0.210186551599,2.79609341247e-33
train,all,funct,diff,lmi->compose,max,cosine,0.191749197047,0.225928587452,-0.104478417899,3.14009622077e-09
train,left,funct,diff,lmi->compose,max,recall,0.668551135357,0.378209887995,-0.147666692485,2.94539278605e-09
train,left,funct,diff,lmi->compose,max,precision,0.00122735049688,0.00187396145618,0.0411215010154,0.100120439753
train,left,funct,diff,lmi->compose,max,cosine,0.119800203079,0.215836129708,-0.155407313469,4.11930074215e-10
train,right,funct,diff,lmi->compose,max,recall,0.953213462948,0.0400534357633,0.355644655567,6.65246144458e-49
train,right,funct,diff,lmi->compose,max,precision,0.0148503443317,0.0149805313214,0.702982642913,8.76012766314e-239
train,right,funct,diff,lmi->compose,max,cosine,0.263698191015,0.212482712009,-0.0132694247001,0.595844664089
train,all,non-funct,diff,pmi->compose,max,recall,0.812576100019,0.295921572801,0.00451184648983,0.798622569101
train,all,non-funct,diff,pmi->compose,max,precision,0.00529187672489,0.00879344647294,0.207082198527,2.47401528332e-32
train,all,non-funct,diff,pmi->compose,max,cosine,0.0681770361896,0.064383476989,0.187555145104,1.01048435368e-26
train,left,non-funct,diff,pmi->compose,max,recall,0.688524333345,0.376777905433,-0.152388261541,8.9787746076e-10
train,left,non-funct,diff,pmi->compose,max,precision,0.000380303672411,0.000499927673512,0.172942485486,3.28787740867e-12
train,left,non-funct,diff,pmi->compose,max,cosine,0.0183509431735,0.0156392228488,0.0886764448781,0.000383357249711
train,right,non-funct,diff,pmi->compose,max,recall,0.936627866693,0.0489885991453,0.342531964606,2.86409301683e-45
train,right,non-funct,diff,pmi->compose,max,precision,0.0102034497774,0.0103030274369,0.644173142095,2.96847379126e-188
train,right,non-funct,diff,pmi->compose,max,cosine,0.118003129206,0.0555031515912,0.636410849531,2.10890753619e-182
train,all,funct,diff,npmi->compose,max,recall,0.810882299153,0.304272343032,0.0121764870817,0.49109860249
train,all,funct,diff,npmi->compose,max,precision,0.0080388474143,0.0126633532432,0.210186551599,2.79609341247e-33
train,all,funct,diff,npmi->compose,max,cosine,0.0985789056797,0.0720421746941,0.191278253007,9.55482210737e-28
train,left,funct,diff,npmi->compose,max,recall,0.668551135357,0.378209887995,-0.147666692485,2.94539278605e-09
train,left,funct,diff,npmi->compose,max,precision,0.00122735049688,0.00187396145618,0.0411215010154,0.100120439753
train,left,funct,diff,npmi->compose,max,cosine,0.0505200585534,0.0459166309785,-2.32008403931e-05,0.999260115107
train,right,funct,diff,npmi->compose,max,recall,0.953213462948,0.0400534357633,0.355644655567,6.65246144458e-49
train,right,funct,diff,npmi->compose,max,precision,0.0148503443317,0.0149805313214,0.702982642913,8.76012766314e-239
train,right,funct,diff,npmi->compose,max,cosine,0.146637752806,0.060435976824,0.581654437335,1.70474496115e-145
train,all,non-funct,diff,lmi->compose,max,recall,0.812576100019,0.295921572801,0.00451184648983,0.798622569101
train,all,non-funct,diff,lmi->compose,max,precision,0.00529187672489,0.00879344647294,0.207082198527,2.47401528332e-32
train,all,non-funct,diff,lmi->compose,max,cosine,0.120653239567,0.174635196898,-0.157546619066,3.1101771139e-19
train,left,non-funct,diff,lmi->compose,max,recall,0.688524333345,0.376777905433,-0.152388261541,8.9787746076e-10
train,left,non-funct,diff,lmi->compose,max,precision,0.000380303672411,0.000499927673512,0.172942485486,3.28787740867e-12
train,left,non-funct,diff,lmi->compose,max,cosine,0.0905140648862,0.17957933901,-0.0903865688918,0.000294547289449
train,right,non-funct,diff,lmi->compose,max,recall,0.936627866693,0.0489885991453,0.342531964606,2.86409301683e-45
train,right,non-funct,diff,lmi->compose,max,precision,0.0102034497774,0.0103030274369,0.644173142095,2.96847379126e-188
train,right,non-funct,diff,lmi->compose,max,cosine,0.150792414248,0.164101874733,-0.239195800523,2.97044489985e-22
train,all,funct,nodiff,pmi->compose,max,recall,0.842090406455,0.289915082399,0.0224351635829,0.204516561978
train,all,funct,nodiff,pmi->compose,max,precision,0.00809471987039,0.0126472404975,0.216282956418,3.48969885016e-35
train,all,funct,nodiff,pmi->compose,max,cosine,0.090957258579,0.0671111231691,0.246559494326,1.59173862635e-45
train,left,funct,nodiff,pmi->compose,max,recall,0.730967349961,0.376564157774,-0.134895647282,6.08169253642e-08
train,left,funct,nodiff,pmi->compose,max,precision,0.00133901138397,0.00204985034375,0.0519202552153,0.037839623263
train,left,funct,nodiff,pmi->compose,max,cosine,0.0492345829877,0.0432450765984,0.0707813167714,0.00461721095211
train,right,funct,nodiff,pmi->compose,max,recall,0.953213462948,0.0400534357633,0.355644655567,6.65246144458e-49
train,right,funct,nodiff,pmi->compose,max,precision,0.0148504283568,0.0149807978314,0.702982593057,8.76109831184e-239
train,right,funct,nodiff,pmi->compose,max,cosine,0.13267993417,0.0604657402093,0.63912903515,1.96881641384e-184
train,all,non-funct,diff,npmi->compose,max,recall,0.812576100019,0.295921572801,0.00451184648983,0.798622569101
train,all,non-funct,diff,npmi->compose,max,precision,0.00529187672489,0.00879344647294,0.207082198527,2.47401528332e-32
train,all,non-funct,diff,npmi->compose,max,cosine,0.0757660122167,0.0651447704915,0.172324766695,9.43027809e-23
train,left,non-funct,diff,npmi->compose,max,recall,0.688524333345,0.376777905433,-0.152388261541,8.9787746076e-10
train,left,non-funct,diff,npmi->compose,max,precision,0.000380303672411,0.000499927673512,0.172942485486,3.28787740867e-12
train,left,non-funct,diff,npmi->compose,max,cosine,0.0250271955902,0.0212122540613,0.0719205199705,0.00399824276326
train,right,non-funct,diff,npmi->compose,max,recall,0.936627866693,0.0489885991453,0.342531964606,2.86409301683e-45
train,right,non-funct,diff,npmi->compose,max,precision,0.0102034497774,0.0103030274369,0.644173142095,2.96847379126e-188
train,right,non-funct,diff,npmi->compose,max,cosine,0.126504828843,0.053748185989,0.569902254346,1.84545965489e-138
train,all,funct,diff,pmi->compose,gm,recall,0.140703407851,0.141787929828,-0.0185248047075,0.294822166894
train,all,funct,diff,pmi->compose,gm,precision,0.0567088003856,0.103938336479,0.122273630984,3.91562243294e-12
train,all,funct,diff,pmi->compose,gm,cosine,0.125511285511,0.202257816986,0.130595946165,1.20239231439e-13
train,left,funct,diff,pmi->compose,gm,recall,0.0437144685553,0.118530940652,-0.0498797738768,0.0460566865919
train,left,funct,diff,pmi->compose,gm,precision,0.0533069979053,0.13586992046,-0.0200737777673,0.422319053209
train,left,funct,diff,pmi->compose,gm,cosine,0.130288693621,0.280573642779,0.0732887626075,0.00335482796551
train,right,funct,diff,pmi->compose,gm,recall,0.237692347147,0.0856991336382,-0.00595957923947,0.811726767506
train,right,funct,diff,pmi->compose,gm,precision,0.0601106028659,0.0558800122957,0.476293555796,2.19554188084e-91
train,right,funct,diff,pmi->compose,gm,cosine,0.120733877401,0.0552198586119,0.301478155152,5.66288081648e-35
train,all,non-funct,diff,pmi->compose,gm,recall,0.0882688671657,0.132431208014,-0.0390401350348,0.0272148286661
train,all,non-funct,diff,pmi->compose,gm,precision,0.0293281816937,0.0509211125202,0.173076795967,6.11989936972e-23
train,all,non-funct,diff,pmi->compose,gm,cosine,0.0425743449961,0.0522317351465,0.125501281475,1.04204203114e-12
train,left,non-funct,diff,pmi->compose,gm,recall,0.092361089046,0.175909697253,-0.0527191080146,0.0349806243578
train,left,non-funct,diff,pmi->compose,gm,precision,0.00356428926227,0.00837983836356,0.0137209202745,0.58339414651
train,left,non-funct,diff,pmi->compose,gm,cosine,0.0273050589496,0.0529495041285,-0.00634515424072,0.799796588223
train,right,non-funct,diff,pmi->compose,gm,recall,0.0841766452854,0.0640182439982,-0.0274974120942,0.271661335572
train,right,non-funct,diff,pmi->compose,gm,precision,0.055092074125,0.0615478789493,0.526521009981,8.35138572645e-115
train,right,non-funct,diff,pmi->compose,gm,cosine,0.0578436310427,0.046758487279,0.3289649313,1.09007710093e-41
train,all,funct,diff,lmi->compose,gm,recall,0.140703407851,0.141787929828,-0.0185248047075,0.294822166894
train,all,funct,diff,lmi->compose,gm,precision,0.0567088003856,0.103938336479,0.122273630984,3.91562243294e-12
train,all,funct,diff,lmi->compose,gm,cosine,0.160346405409,0.256743650458,0.0576771522647,0.00109791044819
train,left,funct,diff,lmi->compose,gm,recall,0.0437144685553,0.118530940652,-0.0498797738768,0.0460566865919
train,left,funct,diff,lmi->compose,gm,precision,0.0533069979053,0.13586992046,-0.0200737777673,0.422319053209
train,left,funct,diff,lmi->compose,gm,cosine,0.135816489485,0.300754534477,0.0726690251267,0.00363358881224
train,right,funct,diff,lmi->compose,gm,recall,0.237692347147,0.0856991336382,-0.00595957923947,0.811726767506
train,right,funct,diff,lmi->compose,gm,precision,0.0601106028659,0.0558800122957,0.476293555796,2.19554188084e-91
train,right,funct,diff,lmi->compose,gm,cosine,0.184876321332,0.200444208054,0.0281987669325,0.2596184899
train,all,funct,diff,npmi->compose,gm,recall,0.140703407851,0.141787929828,-0.0185248047075,0.294822166894
train,all,funct,diff,npmi->compose,gm,precision,0.0567088003856,0.103938336479,0.122273630984,3.91562243294e-12
train,all,funct,diff,npmi->compose,gm,cosine,0.130491527785,0.203637752854,0.122653246433,3.35702983733e-12
train,left,funct,diff,npmi->compose,gm,recall,0.0437144685553,0.118530940652,-0.0498797738768,0.0460566865919
train,left,funct,diff,npmi->compose,gm,precision,0.0533069979053,0.13586992046,-0.0200737777673,0.422319053209
train,left,funct,diff,npmi->compose,gm,cosine,0.132044378429,0.281883262863,0.0735040685206,0.00326263203247
train,right,funct,diff,npmi->compose,gm,recall,0.237692347147,0.0856991336382,-0.00595957923947,0.811726767506
train,right,funct,diff,npmi->compose,gm,precision,0.0601106028659,0.0558800122957,0.476293555796,2.19554188084e-91
train,right,funct,diff,npmi->compose,gm,cosine,0.128938677142,0.0589378673041,0.270531516046,3.09800792315e-28
train,all,non-funct,diff,lmi->compose,gm,recall,0.0882688671657,0.132431208014,-0.0390401350348,0.0272148286661
train,all,non-funct,diff,lmi->compose,gm,precision,0.0293281816937,0.0509211125202,0.173076795967,6.11989936972e-23
train,all,non-funct,diff,lmi->compose,gm,cosine,0.0505004044014,0.104672762489,0.0333433964189,0.0592983512811
train,left,non-funct,diff,lmi->compose,gm,recall,0.092361089046,0.175909697253,-0.0527191080146,0.0349806243578
train,left,non-funct,diff,lmi->compose,gm,precision,0.00356428926227,0.00837983836356,0.0137209202745,0.58339414651
train,left,non-funct,diff,lmi->compose,gm,cosine,0.0296211221156,0.0891679053639,-0.0118973994396,0.634401502834
train,right,non-funct,diff,lmi->compose,gm,recall,0.0841766452854,0.0640182439982,-0.0274974120942,0.271661335572
train,right,non-funct,diff,lmi->compose,gm,precision,0.055092074125,0.0615478789493,0.526521009981,8.35138572645e-115
train,right,non-funct,diff,lmi->compose,gm,cosine,0.0713796866872,0.114411407691,0.0618754358563,0.0133066429065
train,all,funct,nodiff,pmi->compose,gm,recall,0.240423150158,0.210175783549,0.0356633824157,0.0436664003608
train,all,funct,nodiff,pmi->compose,gm,precision,0.167457594441,0.251555889386,0.19828222337,9.89361835261e-30
train,all,funct,nodiff,pmi->compose,gm,cosine,0.242358354071,0.268825591921,0.188863019571,4.43742541545e-27
train,left,funct,nodiff,pmi->compose,gm,recall,0.243159379585,0.284586112626,0.052312345155,0.036412482683
train,left,funct,nodiff,pmi->compose,gm,precision,0.274802971524,0.316847218231,0.203166890306,2.28581741137e-16
train,left,funct,nodiff,pmi->compose,gm,cosine,0.363982761996,0.334514809484,0.225993599943,5.62411197305e-20
train,right,funct,nodiff,pmi->compose,gm,recall,0.237686920731,0.0856941688728,-0.00595926543636,0.811736495187
train,right,funct,nodiff,pmi->compose,gm,precision,0.0601122173587,0.0558794354597,0.47631073377,2.15864732638e-91
train,right,funct,nodiff,pmi->compose,gm,cosine,0.120733946147,0.0552199852682,0.301473068333,5.67826087884e-35
train,all,non-funct,diff,npmi->compose,gm,recall,0.0882688671657,0.132431208014,-0.0390401350348,0.0272148286661
train,all,non-funct,diff,npmi->compose,gm,precision,0.0293281816937,0.0509211125202,0.173076795967,6.11989936972e-23
train,all,non-funct,diff,npmi->compose,gm,cosine,0.045421825234,0.0563191778577,0.118186600215,1.99282591777e-11
train,left,non-funct,diff,npmi->compose,gm,recall,0.092361089046,0.175909697253,-0.0527191080146,0.0349806243578
train,left,non-funct,diff,npmi->compose,gm,precision,0.00356428926227,0.00837983836356,0.0137209202745,0.58339414651
train,left,non-funct,diff,npmi->compose,gm,cosine,0.0294931397547,0.0580109069961,-0.00657434335196,0.792727049174
train,right,non-funct,diff,npmi->compose,gm,recall,0.0841766452854,0.0640182439982,-0.0274974120942,0.271661335572
train,right,non-funct,diff,npmi->compose,gm,precision,0.055092074125,0.0615478789493,0.526521009981,8.35138572645e-115
train,right,non-funct,diff,npmi->compose,gm,cosine,0.0613505107134,0.0497090355612,0.30948582699,7.40224135062e-37
