train,all,nodiff,compose->PPMI,add,recall,0.806342670761,0.312650089853,-0.0293831002859,0.0965391318718
train,all,nodiff,compose->PPMI,add,precision,0.00508622507819,0.00821869748524,0.103914312059,3.81685629556e-09
train,all,nodiff,compose->PPMI,add,cosine,0.107224169388,0.0913007057907,0.076089715028,1.64105602336e-05
train,left,nodiff,compose->PPMI,add,recall,0.636734788969,0.382218624167,-0.0672166543095,0.0120044648272
train,left,nodiff,compose->PPMI,add,precision,0.00120868653779,0.00167508079609,0.0427897819249,0.110030074291
train,left,nodiff,compose->PPMI,add,cosine,0.0359120525941,0.0335263280026,0.0467226489131,0.0809689421354
train,right,nodiff,compose->PPMI,add,recall,0.937591342038,0.144412794446,0.156639799254,2.23526199879e-11
train,right,nodiff,compose->PPMI,add,precision,0.00808680368263,0.00984924566847,0.448053702584,8.66451189853e-90
train,right,nodiff,compose->PPMI,add,cosine,0.162408046908,0.0832828467744,0.42990720645,4.77409641191e-82
train,all,diff,compose->PPMI,add,recall,0.790880558248,0.318508657913,-0.0264376576932,0.134857872267
train,all,diff,compose->PPMI,add,precision,0.0050572555751,0.00822529567854,0.100985577906,1.03424509254e-08
train,all,diff,compose->PPMI,add,cosine,0.106583539007,0.0916566180531,0.0741981977207,2.65227085861e-05
train,left,diff,compose->PPMI,add,recall,0.605621749966,0.378252018296,-0.0716586906369,0.00739670740657
train,left,diff,compose->PPMI,add,precision,0.00114751608328,0.00158712120477,0.0381200599027,0.154584158889
train,left,diff,compose->PPMI,add,cosine,0.0345792729242,0.0326284680086,0.043637864894,0.103152017608
train,right,diff,compose->PPMI,add,recall,0.934240478625,0.148743667418,0.184481494174,2.83347162212e-15
train,right,diff,compose->PPMI,add,precision,0.00808275243241,0.00985281401107,0.448793266774,4.0941840862e-90
train,right,diff,compose->PPMI,add,cosine,0.162303026508,0.0834346479586,0.430072081891,4.07998453871e-82
train,all,nodiff,compose->PPMI,add,recall,0.920158164111,0.257151904238,-0.0194300984886,0.271852411767
train,all,nodiff,compose->PPMI,add,precision,0.010219328062,0.0162794327009,0.0927100961339,1.49038048216e-07
train,all,nodiff,compose->PPMI,add,cosine,0.160858069766,0.0933353165338,0.18576181453,3.09261435563e-26
train,left,nodiff,compose->PPMI,add,recall,0.848541649225,0.357460723438,-0.0139512720155,0.602491509826
train,left,nodiff,compose->PPMI,add,precision,0.0021084834608,0.00300193413398,0.051517083656,0.0543056221153
train,left,nodiff,compose->PPMI,add,cosine,0.125565223358,0.0886960682432,0.168809599744,2.19268775049e-10
train,right,nodiff,compose->PPMI,add,recall,0.975577595807,0.106672544582,-0.0647138880072,0.00596673315707
train,right,nodiff,compose->PPMI,add,precision,0.0164957909574,0.0193087276038,0.427354242634,5.37770928077e-81
train,right,nodiff,compose->PPMI,add,cosine,0.188168942041,0.0874940849884,0.346340774054,5.40768157592e-52
train,all,diff,compose->PPMI,add,recall,0.831351971358,0.303440902416,-0.0794788955895,6.75166286631e-06
train,all,diff,compose->PPMI,add,precision,0.0100317040865,0.0163368162942,0.0747848934681,2.28805654485e-05
train,all,diff,compose->PPMI,add,cosine,0.127841213913,0.0993359153802,0.0637101824181,0.000310656297209
train,left,diff,compose->PPMI,add,recall,0.663546416127,0.373352176284,-0.13053862522,9.88516561437e-07
train,left,diff,compose->PPMI,add,precision,0.00170483279416,0.00249623789592,0.00702227975612,0.793211793516
train,left,diff,compose->PPMI,add,cosine,0.0556665402315,0.0489231518315,0.00242305832899,0.927928063661
train,right,diff,compose->PPMI,add,recall,0.961205937601,0.129652244179,0.119120039971,3.89505974544e-07
train,right,diff,compose->PPMI,add,precision,0.0164753361951,0.0193241876545,0.428817451204,1.34563751295e-81
train,right,diff,compose->PPMI,add,cosine,0.183692568935,0.0922006621658,0.389996861064,1.32207385842e-66
train,all,nodiff,PPMI->compose,add,recall,0.828758284333,0.291120352511,-0.0430970098927,0.0147640640631
train,all,nodiff,PPMI->compose,add,precision,0.00159039518221,0.00235193468061,0.236561060371,6.05441197e-42
train,all,nodiff,PPMI->compose,add,cosine,0.0389175523875,0.0299143718195,0.210831233795,1.7701660687e-33
train,left,nodiff,PPMI->compose,add,recall,0.712633354481,0.382995782544,-0.108020792449,5.24991578216e-05
train,left,nodiff,PPMI->compose,add,precision,0.000429239863523,0.000551104397828,0.148095156696,2.71302147926e-08
train,left,nodiff,PPMI->compose,add,cosine,0.0214668327084,0.0192864172987,0.0916005246062,0.000611147641503
train,right,nodiff,PPMI->compose,add,recall,0.91861992628,0.135327251269,0.0732813508035,0.00184227102138
train,right,nodiff,PPMI->compose,add,precision,0.00248893887672,0.0027796382932,0.658048033286,2.60006815061e-224
train,right,nodiff,PPMI->compose,add,cosine,0.0524215461082,0.0296900503513,0.576868745026,1.51460993572e-160
train,all,diff,PPMI->compose,add,recall,0.810894959641,0.297233627177,-0.0538720657701,0.00229996577096
train,all,diff,PPMI->compose,add,precision,0.00158015565726,0.0023544233647,0.229720507752,1.37091775882e-39
train,all,diff,PPMI->compose,add,cosine,0.0384217328207,0.0299881042182,0.204496205994,1.48110095514e-31
train,left,diff,PPMI->compose,add,recall,0.675323800668,0.380807310895,-0.120077264891,6.83625628059e-06
train,left,diff,PPMI->compose,add,precision,0.000406990528403,0.000524959906868,0.137060809272,2.73709372158e-07
train,left,diff,PPMI->compose,add,cosine,0.0204522973887,0.0185655693775,0.0849884447372,0.00148122150435
train,right,diff,PPMI->compose,add,recall,0.915804792195,0.138811127461,0.102260607002,1.35042981473e-05
train,right,diff,PPMI->compose,add,precision,0.00248799297427,0.00278036934026,0.658591500625,8.32672327241e-225
train,right,diff,PPMI->compose,add,cosine,0.0523271274233,0.0297527876226,0.578684898728,8.83524084518e-162
train,all,nodiff,PPMI->compose,add,recall,0.863486738908,0.297569603095,-0.07444599868,2.49217960461e-05
train,all,nodiff,PPMI->compose,add,precision,0.00276670698949,0.00365983605272,0.260866151664,6.15377220988e-51
train,all,nodiff,PPMI->compose,add,cosine,0.0868039509688,0.0586765495019,0.231209391094,4.27497104962e-40
train,left,nodiff,PPMI->compose,add,recall,0.718953895423,0.381913745842,-0.104306457843,9.44695576208e-05
train,left,nodiff,PPMI->compose,add,precision,0.00141513221578,0.0021618528401,0.0307131768761,0.251471907612
train,left,nodiff,PPMI->compose,add,cosine,0.0635531620053,0.0578243188077,0.0722848810691,0.0068944131679
train,right,nodiff,PPMI->compose,add,recall,0.975331444841,0.124596627339,0.142990389512,1.05758240596e-09
train,right,nodiff,PPMI->compose,add,precision,0.00381260409818,0.00419944678537,0.690447281759,1.03746237646e-255
train,right,nodiff,PPMI->compose,add,cosine,0.104796246641,0.0527039890726,0.538728807971,2.51037810138e-136
train,all,diff,PPMI->compose,add,recall,0.832278631606,0.3137101377,-0.0752861627321,2.01505786199e-05
train,all,diff,PPMI->compose,add,precision,0.00271086492589,0.00363477296691,0.252508809101,9.83607177969e-48
train,all,diff,PPMI->compose,add,cosine,0.0784538530902,0.0574334561406,0.166675126892,2.28065488343e-21
train,left,diff,PPMI->compose,add,recall,0.654698589357,0.381663214711,-0.111400777169,3.02550194649e-05
train,left,diff,PPMI->compose,add,precision,0.00129506081261,0.0019750402034,0.0211570675551,0.429601604884
train,left,diff,PPMI->compose,add,cosine,0.0456649597523,0.0442049858643,0.00570745734972,0.831281009434
train,right,diff,PPMI->compose,add,recall,0.969696447004,0.136241883524,0.187183156914,1.09453646924e-15
train,right,diff,PPMI->compose,add,precision,0.00380646500468,0.00420298753169,0.693652672365,4.81108148354e-259
train,right,diff,PPMI->compose,add,cosine,0.103827076538,0.0535096274369,0.555712530167,1.00526774732e-146
train,all,nodiff,compose->PPMI,mult,recall,0.285934415283,0.257346545908,-0.0679820867752,0.000118795844912
train,all,nodiff,compose->PPMI,mult,precision,0.0281285625511,0.0481640307971,0.171017446773,1.99037050453e-22
train,all,nodiff,compose->PPMI,mult,cosine,0.106750142486,0.113473789899,0.0758660678882,1.73791162177e-05
train,left,nodiff,compose->PPMI,mult,recall,0.124470207681,0.216775960043,-0.0471725319655,0.0780839498585
train,left,nodiff,compose->PPMI,mult,precision,0.00369272823407,0.0108625249,0.018859834863,0.481374872718
train,left,nodiff,compose->PPMI,mult,cosine,0.028316081043,0.0553885121568,0.00456159699752,0.864787154186
train,right,nodiff,compose->PPMI,mult,recall,0.410881218949,0.21289943471,0.100273111931,1.98334532871e-05
train,right,nodiff,compose->PPMI,mult,precision,0.0470378888851,0.0566035517863,0.660541907078,1.37162132424e-226
train,right,nodiff,compose->PPMI,mult,cosine,0.167445236596,0.109644638067,0.415606181495,2.85154684329e-76
train,all,diff,compose->PPMI,mult,recall,0.277538385513,0.254296465001,-0.0665508533183,0.000164962594933
train,all,diff,compose->PPMI,mult,precision,0.0279511822674,0.0481660661534,0.167100830072,1.80084471902e-21
train,all,diff,compose->PPMI,mult,cosine,0.105168440034,0.113641591149,0.0726288204949,3.91680893131e-05
train,left,diff,compose->PPMI,mult,recall,0.108265320204,0.195605589956,-0.0521488268602,0.0514124354602
train,left,diff,compose->PPMI,mult,precision,0.00336413479145,0.0104884385898,0.00893612408567,0.738689928302
train,left,diff,compose->PPMI,mult,cosine,0.0252385476691,0.0520896212074,-0.00409687898566,0.878449098163
train,right,diff,compose->PPMI,mult,recall,0.408527963768,0.213936123572,0.109795492922,2.94948388399e-06
train,right,diff,compose->PPMI,mult,precision,0.0469775227754,0.056571328325,0.660774881845,8.3816740047e-227
train,right,diff,compose->PPMI,mult,cosine,0.167021061842,0.109721261169,0.416570157474,1.18701733192e-76
train,all,nodiff,compose->PPMI,mult,recall,0.803331443493,0.270719946439,0.0878427097218,6.46389495526e-07
train,all,nodiff,compose->PPMI,mult,precision,0.167619217686,0.19235504096,0.270693579957,7.40856333297e-55
train,all,nodiff,compose->PPMI,mult,cosine,0.434672739118,0.233272457261,0.23989580542,4.03927116703e-43
train,left,nodiff,compose->PPMI,mult,recall,0.817726881258,0.357242619451,0.0858227460465,0.00132895158158
train,left,nodiff,compose->PPMI,mult,precision,0.266933640404,0.239689681918,0.321653764589,5.7591855613e-35
train,left,nodiff,compose->PPMI,mult,cosine,0.540402942144,0.282048708337,0.387126543447,3.91287828437e-51
train,right,nodiff,compose->PPMI,mult,recall,0.792191736664,0.175954563783,-0.0268053945886,0.255147700507
train,right,nodiff,compose->PPMI,mult,precision,0.0907661499945,0.0873840804796,0.192856055989,1.41714514369e-16
train,right,nodiff,compose->PPMI,mult,cosine,0.352854910169,0.140073424984,0.0851809069565,0.000292323080623
train,all,diff,compose->PPMI,mult,recall,0.506581585011,0.356229753934,-0.0422576539397,0.0168214283363
train,all,diff,compose->PPMI,mult,precision,0.0781497562761,0.0919561333675,0.123646441369,2.23919804414e-12
train,all,diff,compose->PPMI,mult,cosine,0.24373612673,0.185191226582,0.0404148323484,0.0222396964424
train,left,diff,compose->PPMI,mult,recall,0.21469271118,0.267582596055,-0.190957222497,6.26153888442e-13
train,left,diff,compose->PPMI,mult,precision,0.0728992792916,0.106951011206,-0.0147388238873,0.582165405705
train,left,diff,compose->PPMI,mult,cosine,0.140561555916,0.182340031093,-0.078086263722,0.00350718816004
train,right,diff,compose->PPMI,mult,recall,0.732455680282,0.229658216505,0.302451673965,1.78505078095e-39
train,right,diff,compose->PPMI,mult,precision,0.0822127639647,0.078166845376,0.323808202385,2.6245051909e-45
train,right,diff,compose->PPMI,mult,cosine,0.323576315675,0.143159920178,0.316543178687,2.86517188824e-43
train,all,nodiff,PPMI->compose,mult,recall,0.197701967424,0.206122484282,-0.0250433762031,0.156677174791
train,all,nodiff,PPMI->compose,mult,precision,0.0296404995511,0.0510126761304,0.177381655664,4.95916725517e-24
train,all,nodiff,PPMI->compose,mult,cosine,0.0792894351464,0.0958751823792,0.124433958151,1.62049233482e-12
train,left,nodiff,PPMI->compose,mult,recall,0.10267688745,0.188175418442,-0.0367708598184,0.169719283716
train,left,nodiff,PPMI->compose,mult,precision,0.0043634928459,0.00962460278119,0.0152773103034,0.568454317045
train,left,nodiff,PPMI->compose,mult,cosine,0.038271197452,0.0751728833381,0.00124938312531,0.962800941838
train,right,nodiff,PPMI->compose,mult,recall,0.271235787626,0.188594117469,0.144514974324,6.99506789932e-10
train,right,nodiff,PPMI->compose,mult,precision,0.0492007552942,0.0605584839233,0.632691929449,2.4639396935e-202
train,right,nodiff,PPMI->compose,mult,cosine,0.111030820857,0.0980957724706,0.424888542486,5.46760380433e-80
train,all,nodiff,PPMI->compose,mult,recall,0.547870157966,0.372489569762,0.0453888397992,0.0102316441857
train,all,nodiff,PPMI->compose,mult,precision,0.1675676254,0.251591073557,0.198431340902,8.95922326208e-30
train,all,nodiff,PPMI->compose,mult,cosine,0.351187407824,0.256239090714,0.224159474902,9.89703992823e-38
train,left,nodiff,PPMI->compose,mult,recall,0.246761644205,0.285261022521,0.0410450585373,0.125314753389
train,left,nodiff,PPMI->compose,mult,precision,0.295187959319,0.328005064273,0.171586771046,1.09524281787e-10
train,left,nodiff,PPMI->compose,mult,cosine,0.37992449183,0.34107445616,0.180993532959,9.574448379e-12
train,right,nodiff,PPMI->compose,mult,recall,0.780878741786,0.242266711718,0.317133173206,1.96667537346e-43
train,right,nodiff,PPMI->compose,mult,precision,0.0688104268684,0.0816642016808,0.349290533067,6.54532536877e-53
train,right,nodiff,PPMI->compose,mult,cosine,0.328949619978,0.159097685098,0.279876836421,8.05909717636e-34
train,all,diff,PPMI->compose,mult,recall,0.190272516435,0.201311199317,-0.0221908882033,0.209489547449
train,all,diff,PPMI->compose,mult,precision,0.0293744404203,0.0510443743754,0.173096931146,6.04929632031e-23
train,all,diff,PPMI->compose,mult,cosine,0.0775453121784,0.0950850148419,0.123765003453,2.13306876442e-12
train,left,diff,PPMI->compose,mult,recall,0.0877345864502,0.16750467806,-0.0338807970149,0.205828213292
train,left,diff,PPMI->compose,mult,precision,0.00384362716174,0.00885412972917,0.0115523574686,0.666279741135
train,left,diff,PPMI->compose,mult,cosine,0.0349227679489,0.0715653744892,0.00116594728911,0.965283532764
train,right,diff,PPMI->compose,mult,recall,0.269620049837,0.189056916803,0.153901456131,4.98470349882e-11
train,right,diff,PPMI->compose,mult,precision,0.0491311007911,0.060550680062,0.633031517581,1.29074511887e-202
train,right,diff,PPMI->compose,mult,cosine,0.110528167912,0.0978803975121,0.429954572307,4.56344688084e-82
train,all,nodiff,compose->PPMI,selectself,recall,0.84074139081,0.298710791876,-0.0065535752215,0.71094640523
train,all,nodiff,compose->PPMI,selectself,precision,0.0170313477134,0.0310621480927,0.168980612753,6.29874314679e-22
train,all,nodiff,compose->PPMI,selectself,cosine,0.140345693587,0.121683038444,0.105601994269,2.12219455967e-09
train,left,nodiff,compose->PPMI,selectself,recall,0.70257486336,0.384180861955,-0.102330905146,0.000128126986059
train,left,nodiff,compose->PPMI,selectself,precision,0.00140073794854,0.00216099637437,0.0277609722769,0.299966076086
train,left,nodiff,compose->PPMI,selectself,cosine,0.0445899236449,0.0413396337022,0.0214858100409,0.422466431216
train,right,nodiff,compose->PPMI,selectself,recall,0.947659612717,0.133633031497,0.191505246835,2.31918158302e-16
train,right,nodiff,compose->PPMI,selectself,precision,0.0291268750037,0.0370475653022,0.697388704453,5.50476061317e-263
train,right,nodiff,compose->PPMI,selectself,cosine,0.214444947932,0.111158340348,0.525465184177,1.30569988355e-128
train,all,diff,PPMI->compose,mult,recall,0.448155665292,0.419527006856,0.0177462111185,0.315588761189
train,all,diff,PPMI->compose,mult,precision,0.0568188202213,0.104140563806,0.122275325105,3.91293785904e-12
train,all,diff,PPMI->compose,mult,cosine,0.235396923486,0.243184207392,0.129459402994,1.96107329826e-13
train,left,diff,PPMI->compose,mult,recall,0.0426846359731,0.11351202514,-0.0639630720513,0.0168408245937
train,left,diff,PPMI->compose,mult,precision,0.0574887513223,0.143398838859,-0.0407548291845,0.128010488292
train,left,diff,PPMI->compose,mult,cosine,0.141639525204,0.293185121232,0.0530054006819,0.0476964319979
train,right,diff,PPMI->compose,mult,recall,0.761923712369,0.276686071698,0.34334154347,4.5228003516e-51
train,right,diff,PPMI->compose,mult,precision,0.0563004034713,0.0576587092054,0.529540754571,6.04401189966e-131
train,right,diff,PPMI->compose,mult,cosine,0.307949766059,0.162230718586,0.4197770922,6.29814596345e-78
train,all,nodiff,compose->PPMI,selectself,recall,0.84074139081,0.298710791876,-0.0065535752215,0.71094640523
train,all,nodiff,compose->PPMI,selectself,precision,0.0170313477134,0.0310621480927,0.168980612753,6.29874314679e-22
train,all,nodiff,compose->PPMI,selectself,cosine,0.140345693587,0.121683038444,0.105601994269,2.12219455967e-09
train,left,nodiff,compose->PPMI,selectself,recall,0.70257486336,0.384180861955,-0.102330905146,0.000128126986059
train,left,nodiff,compose->PPMI,selectself,precision,0.00140073794854,0.00216099637437,0.0277609722769,0.299966076086
train,left,nodiff,compose->PPMI,selectself,cosine,0.0445899236449,0.0413396337022,0.0214858100409,0.422466431216
train,right,nodiff,compose->PPMI,selectself,recall,0.947659612717,0.133633031497,0.191505246835,2.31918158302e-16
train,right,nodiff,compose->PPMI,selectself,precision,0.0291268750037,0.0370475653022,0.697388704453,5.50476061317e-263
train,right,nodiff,compose->PPMI,selectself,cosine,0.214444947932,0.111158340348,0.525465184177,1.30569988355e-128
train,all,diff,compose->PPMI,selectself,recall,0.815622000835,0.310110778103,-0.0173262559569,0.327179095045
train,all,diff,compose->PPMI,selectself,precision,0.0169812685447,0.0310820933269,0.165896427472,3.50755508453e-21
train,all,diff,compose->PPMI,selectself,cosine,0.139149091493,0.122358051466,0.102940194947,5.33369689279e-09
train,left,diff,compose->PPMI,selectself,recall,0.650323008547,0.382150045892,-0.103968509729,9.95627551256e-05
train,left,diff,compose->PPMI,selectself,precision,0.00129287996933,0.00197891081933,0.0219175919716,0.413201010892
train,left,diff,compose->PPMI,selectself,cosine,0.0421066439616,0.0394767703423,0.0172296368001,0.520079127776
train,right,diff,compose->PPMI,selectself,recall,0.943536298637,0.141673406019,0.216318634234,1.51885061484e-20
train,right,diff,compose->PPMI,selectself,precision,0.029121507154,0.0370515874917,0.697424059451,5.04832630645e-263
train,right,diff,compose->PPMI,selectself,cosine,0.214244023175,0.111464653991,0.525716265117,9.39596808243e-129
train,all,nodiff,PPMI->compose,selectself,recall,0.809262546295,0.291976874642,-0.00898028263405,0.611584306343
train,all,nodiff,PPMI->compose,selectself,precision,0.00329863727769,0.00632636837461,0.28384006387,2.31659782173e-60
train,all,nodiff,PPMI->compose,selectself,cosine,0.0481346536872,0.0349521887336,0.230269610735,8.92868773531e-40
train,left,nodiff,PPMI->compose,selectself,recall,0.70257486336,0.384180861955,-0.102330905146,0.000128126986059
train,left,nodiff,PPMI->compose,selectself,precision,0.00140073794854,0.00216099637437,0.0277609722769,0.299966076086
train,left,nodiff,PPMI->compose,selectself,cosine,0.0445899236449,0.0413396337022,0.0214858100409,0.422466431216
train,right,nodiff,PPMI->compose,selectself,recall,0.891821307591,0.146226456923,0.124165264856,1.21938925146e-07
train,right,nodiff,PPMI->compose,selectself,precision,0.00476729995146,0.00790164783485,0.738781697863,3.8577237539e-311
train,right,nodiff,PPMI->compose,selectself,cosine,0.0508776931213,0.028762998048,0.481517906434,2.35850631932e-105
train,all,diff,compose->PPMI,selectself,recall,0.815622000835,0.310110778103,-0.0173262559569,0.327179095045
train,all,diff,compose->PPMI,selectself,precision,0.0169812685447,0.0310820933269,0.165896427472,3.50755508453e-21
train,all,diff,compose->PPMI,selectself,cosine,0.139149091493,0.122358051466,0.102940194947,5.33369689279e-09
train,left,diff,compose->PPMI,selectself,recall,0.650323008547,0.382150045892,-0.103968509729,9.95627551256e-05
train,left,diff,compose->PPMI,selectself,precision,0.00129287996933,0.00197891081933,0.0219175919716,0.413201010892
train,left,diff,compose->PPMI,selectself,cosine,0.0421066439616,0.0394767703423,0.0172296368001,0.520079127776
train,right,diff,compose->PPMI,selectself,recall,0.943536298637,0.141673406019,0.216318634234,1.51885061484e-20
train,right,diff,compose->PPMI,selectself,precision,0.029121507154,0.0370515874917,0.697424059451,5.04832630645e-263
train,right,diff,compose->PPMI,selectself,cosine,0.214244023175,0.111464653991,0.525716265117,9.39596808243e-129
train,all,nodiff,PPMI->compose,add,recall,0.863486738908,0.297569603095,-0.07444599868,2.49217960461e-05
train,all,nodiff,PPMI->compose,add,precision,0.00276670698949,0.00365983605272,0.260866151664,6.15377220988e-51
train,all,nodiff,PPMI->compose,add,cosine,0.0868039509688,0.0586765495019,0.231209391094,4.27497104962e-40
train,left,nodiff,PPMI->compose,add,recall,0.718953895423,0.381913745842,-0.104306457843,9.44695576208e-05
train,left,nodiff,PPMI->compose,add,precision,0.00141513221578,0.0021618528401,0.0307131768761,0.251471907612
train,left,nodiff,PPMI->compose,add,cosine,0.0635531620053,0.0578243188077,0.0722848810691,0.0068944131679
train,right,nodiff,PPMI->compose,add,recall,0.975331444841,0.124596627339,0.142990389512,1.05758240596e-09
train,right,nodiff,PPMI->compose,add,precision,0.00381260409818,0.00419944678537,0.690447281759,1.03746237646e-255
train,right,nodiff,PPMI->compose,add,cosine,0.104796246641,0.0527039890726,0.538728807971,2.51037810138e-136
train,all,diff,PPMI->compose,selectself,recall,0.78414315632,0.301014275566,-0.0203702111427,0.249328276313
train,all,diff,PPMI->compose,selectself,precision,0.00324855810897,0.00631561341542,0.276624355553,2.6530135855e-57
train,all,diff,PPMI->compose,selectself,cosine,0.0469380515938,0.0341424451971,0.227107329785,1.0388563502e-38
train,left,diff,PPMI->compose,selectself,recall,0.650323008547,0.382150045892,-0.103968509729,9.95627551256e-05
train,left,diff,PPMI->compose,selectself,precision,0.00129287996933,0.00197891081933,0.0219175919716,0.413201010892
train,left,diff,PPMI->compose,selectself,cosine,0.0421066439616,0.0394767703423,0.0172296368001,0.520079127776
train,right,diff,PPMI->compose,selectself,recall,0.887697993511,0.152102813356,0.154748799656,3.89511728719e-11
train,right,diff,PPMI->compose,selectself,precision,0.00476193210172,0.00790395864497,0.741393720124,1.73671795771e-314
train,right,diff,PPMI->compose,selectself,cosine,0.0506767683645,0.028805782325,0.492471385496,7.76481039218e-111
train,all,nodiff,compose->PPMI,selectother,recall,0.198276160736,0.215552502763,0.00182172153689,0.917953482185
train,all,nodiff,compose->PPMI,selectother,precision,0.0018156287694,0.00347182987218,0.106880507924,1.35210165315e-09
train,all,nodiff,compose->PPMI,selectother,cosine,0.0165462085647,0.0232812782385,0.0795729395174,6.58393013735e-06
train,left,nodiff,compose->PPMI,selectother,recall,0.0806482954,0.173511574709,0.0380190141701,0.15568093699
train,left,nodiff,compose->PPMI,selectother,precision,0.000525487887337,0.0012307543307,0.0818701312409,0.00220363023766
train,left,nodiff,compose->PPMI,selectother,cosine,0.00707159771096,0.0164106270139,0.0571939635883,0.032616069022
train,right,nodiff,compose->PPMI,selectother,recall,0.289300828146,0.200318971102,0.165931460739,1.32163357771e-12
train,right,nodiff,compose->PPMI,selectother,precision,0.00281398612602,0.00423369832897,0.347282137404,2.76319070432e-52
train,right,nodiff,compose->PPMI,selectother,cosine,0.023878002773,0.0250963944982,0.299029813809,1.38671624457e-38
train,all,diff,PPMI->compose,add,recall,0.832278631606,0.3137101377,-0.0752861627321,2.01505786199e-05
train,all,diff,PPMI->compose,add,precision,0.00271086492589,0.00363477296691,0.252508809101,9.83607177969e-48
train,all,diff,PPMI->compose,add,cosine,0.0784538530902,0.0574334561406,0.166675126892,2.28065488343e-21
train,left,diff,PPMI->compose,add,recall,0.654698589357,0.381663214711,-0.111400777169,3.02550194649e-05
train,left,diff,PPMI->compose,add,precision,0.00129506081261,0.0019750402034,0.0211570675551,0.429601604884
train,left,diff,PPMI->compose,add,cosine,0.0456649597523,0.0442049858643,0.00570745734972,0.831281009434
train,right,diff,PPMI->compose,add,recall,0.969696447004,0.136241883524,0.187183156914,1.09453646924e-15
train,right,diff,PPMI->compose,add,precision,0.00380646500468,0.00420298753169,0.693652672365,4.81108148354e-259
train,right,diff,PPMI->compose,add,cosine,0.103827076538,0.0535096274369,0.555712530167,1.00526774732e-146
train,all,nodiff,compose->PPMI,selectother,recall,0.91820715486,0.256266223264,-0.0761182706014,1.62906613183e-05
train,all,nodiff,compose->PPMI,selectother,precision,0.0844164588613,0.1416352346,0.217532061688,1.39777879018e-35
train,all,nodiff,compose->PPMI,selectother,cosine,0.242279713311,0.187462330038,0.279331211312,1.93630594821e-58
train,left,nodiff,compose->PPMI,selectother,recall,0.849156256033,0.357409577203,-0.00822401482397,0.758839953673
train,left,nodiff,compose->PPMI,selectother,precision,0.161162390826,0.185692537189,0.387272952661,3.56418724181e-51
train,left,nodiff,compose->PPMI,selectother,cosine,0.330602758479,0.240056559871,0.430346368396,4.98723577169e-64
train,right,nodiff,compose->PPMI,selectother,recall,0.971641220693,0.1053380692,-0.177670747851,2.92432101538e-14
train,right,nodiff,compose->PPMI,selectother,precision,0.02502769998,0.0285664710921,0.0520325253329,0.0271072571705
train,right,nodiff,compose->PPMI,selectother,cosine,0.173932168381,0.083871053522,0.13647783183,5.88733362086e-09
train,all,diff,compose->PPMI,selectother,recall,0.198102775029,0.215390934973,0.00151632534999,0.931670836659
train,all,diff,compose->PPMI,selectother,precision,0.00181355375594,0.00346806176059,0.10666296825,1.46043654331e-09
train,all,diff,compose->PPMI,selectother,cosine,0.0165192638867,0.0232270378904,0.079441048606,6.8203115877e-06
train,left,diff,compose->PPMI,selectother,recall,0.0806482954,0.173511574709,0.0380190141701,0.15568093699
train,left,diff,compose->PPMI,selectother,precision,0.000525487887337,0.0012307543307,0.0818701312409,0.00220363023766
train,left,diff,compose->PPMI,selectother,cosine,0.00707159771096,0.0164106270139,0.0571939635883,0.032616069022
train,right,diff,compose->PPMI,selectother,recall,0.288993270352,0.20015027725,0.165176217281,1.67350710745e-12
train,right,diff,compose->PPMI,selectother,precision,0.00281030539262,0.00422908485234,0.346713381972,4.14677373062e-52
train,right,diff,compose->PPMI,selectother,cosine,0.0238302073354,0.0250210740381,0.298704637664,1.68256048585e-38
train,all,nodiff,PPMI->compose,selectother,recall,0.217197705462,0.220705570175,-0.0415584315209,0.0187231819857
train,all,nodiff,PPMI->compose,selectother,precision,0.00162569849328,0.00345635288215,0.0663762955856,0.000171627974112
train,all,nodiff,PPMI->compose,selectother,cosine,0.0147724927543,0.0217391221074,0.0572558151689,0.00119416231974
train,left,nodiff,PPMI->compose,selectother,recall,0.112735378572,0.199990427377,-0.0359970187956,0.178886806746
train,left,nodiff,PPMI->compose,selectother,precision,0.00011293935635,0.000249804856749,0.040851050348,0.127111811395
train,left,nodiff,PPMI->compose,selectother,cosine,0.00328826487744,0.00613608131537,0.0162912933158,0.54306275763
train,right,nodiff,PPMI->compose,selectother,recall,0.298034406315,0.201185970248,0.110153618966,2.73677612974e-06
train,right,nodiff,PPMI->compose,selectother,precision,0.00279632585201,0.00424280268352,0.368662877376,3.50305198652e-59
train,right,nodiff,PPMI->compose,selectother,cosine,0.0236594008009,0.0250623944634,0.314787451516,8.73527090086e-43
train,all,diff,compose->PPMI,selectother,recall,0.608573400743,0.421932349313,-0.0939236603155,1.02171716628e-07
train,all,diff,compose->PPMI,selectother,precision,0.0305892191898,0.0547766599142,0.0694490212654,8.42971813612e-05
train,all,diff,compose->PPMI,selectother,cosine,0.116392606069,0.107622370647,0.0637135055903,0.000310430836706
train,left,diff,compose->PPMI,selectother,recall,0.223285170353,0.274956542941,-0.199291288116,5.69227960544e-14
train,left,diff,compose->PPMI,selectother,precision,0.0417962469298,0.07689283129,0.0042142533416,0.874994905167
train,left,diff,compose->PPMI,selectother,cosine,0.0594957768382,0.103421897813,-0.0376227072894,0.160039554502
train,right,diff,compose->PPMI,selectother,recall,0.90672327304,0.231345397366,0.181796577206,7.18885766308e-15
train,right,diff,compose->PPMI,selectother,precision,0.0219168185662,0.0239718696364,0.184928478065,2.42329351987e-15
train,right,diff,compose->PPMI,selectother,cosine,0.160421416273,0.0884586532255,0.331024295035,2.18021766803e-47
train,all,nodiff,PPMI->compose,selectother,recall,0.602094350579,0.401342404473,0.00328651679302,0.85256919146
train,all,nodiff,PPMI->compose,selectother,precision,0.0764779472672,0.146454824018,0.134020055268,2.68381269632e-14
train,all,nodiff,PPMI->compose,selectother,cosine,0.184285873886,0.166660333218,0.213811982921,2.09659164563e-34
train,left,nodiff,PPMI->compose,selectother,recall,0.263140676268,0.292330561406,0.0402529674757,0.132777941669
train,left,nodiff,PPMI->compose,selectother,precision,0.14283441431,0.20061346144,0.21273428434,9.47973239796e-16
train,left,nodiff,PPMI->compose,selectother,cosine,0.201218457745,0.22898931872,0.238157788291,1.87340974019e-19
train,right,nodiff,PPMI->compose,selectother,recall,0.864388879037,0.248772941317,0.212131789841,8.42383685378e-20
train,right,nodiff,PPMI->compose,selectother,precision,0.0251289295332,0.0293148026573,0.112231731248,1.76452272193e-06
train,right,nodiff,PPMI->compose,selectother,cosine,0.171182832274,0.0910987005414,0.246059469847,2.75711205394e-26
train,all,nodiff,compose->PPMI,min,recall,0.291849246009,0.262236570437,-0.0727220335666,3.82797269551e-05
train,all,nodiff,compose->PPMI,min,precision,0.0250252325022,0.0422392011274,0.190037066586,2.10895115526e-27
train,all,nodiff,compose->PPMI,min,cosine,0.0725223934403,0.079828532434,0.141740419587,7.90788218409e-16
train,left,nodiff,compose->PPMI,min,recall,0.127824598969,0.22084798934,-0.0537945143927,0.0444752744236
train,left,nodiff,compose->PPMI,min,precision,0.00290369682086,0.00618886976599,0.0208327903498,0.43670790172
train,left,nodiff,compose->PPMI,min,cosine,0.0184249587502,0.0328764642129,0.00764322777738,0.77539676171
train,right,nodiff,compose->PPMI,min,recall,0.418777409682,0.217508921746,0.0930609312871,7.54287754056e-05
train,right,nodiff,compose->PPMI,min,precision,0.0421436714219,0.0496328812309,0.710625850467,1.86220246752e-277
train,right,nodiff,compose->PPMI,min,cosine,0.114384931593,0.0803143785564,0.569447428159,1.39150873401e-155
train,all,diff,PPMI->compose,selectother,recall,0.217024319756,0.220562652274,-0.0419270909055,0.0176982820877
train,all,diff,PPMI->compose,selectother,precision,0.00162362347982,0.00345245372802,0.0661848171228,0.000179230280624
train,all,diff,PPMI->compose,selectother,cosine,0.0147455480764,0.021678819579,0.0570939659202,0.00123316387378
train,left,diff,PPMI->compose,selectother,recall,0.112735378572,0.199990427377,-0.0359970187956,0.178886806746
train,left,diff,PPMI->compose,selectother,precision,0.00011293935635,0.000249804856749,0.040851050348,0.127111811395
train,left,diff,PPMI->compose,selectother,cosine,0.00328826487744,0.00613608131537,0.0162912933158,0.54306275763
train,right,diff,PPMI->compose,selectother,recall,0.297726848521,0.201031365922,0.109318663339,3.25740358491e-06
train,right,diff,PPMI->compose,selectother,precision,0.00279264511861,0.00423818378003,0.368112551592,5.35378956575e-59
train,right,diff,PPMI->compose,selectother,cosine,0.0236116053633,0.0249865533657,0.31445590665,1.07728662225e-42
train,all,nodiff,compose->PPMI,min,recall,0.925382739358,0.257249991782,0.00982205384641,0.578610432236
train,all,nodiff,compose->PPMI,min,precision,0.130490173026,0.175588969016,0.358033201903,2.14254977021e-97
train,all,nodiff,compose->PPMI,min,cosine,0.372720522328,0.244323307919,0.306414076071,1.5648470149e-70
train,left,nodiff,compose->PPMI,min,recall,0.848573052181,0.357232115535,-0.00703483429385,0.792850498772
train,left,nodiff,compose->PPMI,min,precision,0.236181620511,0.217801033425,0.402973349096,1.21320029632e-55
train,left,nodiff,compose->PPMI,min,cosine,0.524029255701,0.279514379622,0.414854244466,3.46303509927e-59
train,right,nodiff,compose->PPMI,min,recall,0.984820834313,0.102649487431,0.0311309453553,0.186286489173
train,right,nodiff,compose->PPMI,min,precision,0.0487023345069,0.0514567076119,0.39635582211,6.30691281515e-69
train,right,nodiff,compose->PPMI,min,cosine,0.255632389407,0.118332508224,0.249204333264,6.10597289511e-27
train,all,diff,PPMI->compose,selectother,recall,0.496291140577,0.45848643155,-0.0226864826396,0.199490333398
train,all,diff,PPMI->compose,selectother,precision,0.0221520996738,0.0437829423742,0.0347836654321,0.0491269960363
train,all,diff,PPMI->compose,selectother,cosine,0.113562879696,0.13351870985,0.0648194983198,0.000243338404062
train,left,diff,PPMI->compose,selectother,recall,0.0470602167834,0.122932613261,-0.0679974662683,0.0110453494963
train,left,diff,PPMI->compose,selectother,precision,0.0225237952891,0.0598988844832,-0.0354353254649,0.185768019428
train,left,diff,PPMI->compose,selectother,cosine,0.0483572760619,0.146670666237,0.0218433545001,0.414785426917
train,right,diff,PPMI->compose,selectother,recall,0.843922165863,0.290119341855,0.239309399643,6.52481395517e-25
train,right,diff,PPMI->compose,selectother,precision,0.0218644682553,0.0249745970641,0.284726376918,5.42920183854e-35
train,right,diff,PPMI->compose,selectother,cosine,0.164021317985,0.0956002292645,0.328681272303,1.04768425881e-46
train,all,nodiff,PPMI->compose,min,recall,0.197701967424,0.206122484282,-0.0250433762031,0.156677174791
train,all,nodiff,PPMI->compose,min,precision,0.0296404995511,0.0510126761304,0.177381655664,4.95916725517e-24
train,all,nodiff,PPMI->compose,min,cosine,0.0725963450621,0.0861792993906,0.147970020679,3.9784991412e-17
train,left,nodiff,PPMI->compose,min,recall,0.10267688745,0.188175418442,-0.0367708598184,0.169719283716
train,left,nodiff,PPMI->compose,min,precision,0.0043634928459,0.00962460278119,0.0152773103034,0.568454317045
train,left,nodiff,PPMI->compose,min,cosine,0.0304897919542,0.0578865972759,0.00418101205628,0.875972919637
train,right,nodiff,PPMI->compose,min,recall,0.271235787626,0.188594117469,0.144514974324,6.99506789932e-10
train,right,nodiff,PPMI->compose,min,precision,0.0492007552942,0.0605584839233,0.632691929449,2.4639396935e-202
train,right,nodiff,PPMI->compose,min,cosine,0.105179908332,0.0902627673391,0.486505277057,7.96233496043e-108
train,all,diff,compose->PPMI,min,recall,0.283622046642,0.259438476225,-0.06869711073,0.000100586756757
train,all,diff,compose->PPMI,min,precision,0.0248790151891,0.0422564855147,0.186186313782,2.37562399981e-26
train,all,diff,compose->PPMI,min,cosine,0.071274923029,0.0800352562629,0.137263427783,6.25493643191e-15
train,left,diff,compose->PPMI,min,recall,0.112708484415,0.202279656509,-0.0564851440396,0.034836524078
train,left,diff,compose->PPMI,min,precision,0.00262290364181,0.00575837658579,0.0119128648753,0.65652324985
train,left,diff,compose->PPMI,min,cosine,0.015979551456,0.0299199524968,0.000436179675656,0.987009082691
train,right,diff,compose->PPMI,min,recall,0.415881100338,0.218251019102,0.10526161446,7.45788590762e-06
train,right,diff,compose->PPMI,min,precision,0.0421015937478,0.0496164869244,0.710730773061,1.41924712341e-277
train,right,diff,compose->PPMI,min,cosine,0.114064467772,0.0804537676075,0.57015808939,4.71721803843e-156
train,all,nodiff,PPMI->compose,min,recall,0.547870157966,0.372489569762,0.0453888397992,0.0102316441857
train,all,nodiff,PPMI->compose,min,precision,0.1675676254,0.251591073557,0.198431340902,8.95922326208e-30
train,all,nodiff,PPMI->compose,min,cosine,0.32403654472,0.253814079873,0.257666306501,1.07081714111e-49
train,left,nodiff,PPMI->compose,min,recall,0.246761644205,0.285261022521,0.0410450585373,0.125314753389
train,left,nodiff,PPMI->compose,min,precision,0.295187959319,0.328005064273,0.171586771046,1.09524281787e-10
train,left,nodiff,PPMI->compose,min,cosine,0.376414419699,0.339960392508,0.194116027364,2.55524923476e-13
train,right,nodiff,PPMI->compose,min,recall,0.780878741786,0.242266711718,0.317133173206,1.96667537346e-43
train,right,nodiff,PPMI->compose,min,precision,0.0688104268684,0.0816642016808,0.349290533067,6.54532536877e-53
train,right,nodiff,PPMI->compose,min,cosine,0.283504663639,0.145165169145,0.342096678613,1.08466128055e-50
train,all,diff,compose->PPMI,min,recall,0.614305175754,0.428668483806,-0.0532447763374,0.00258730170874
train,all,diff,compose->PPMI,min,precision,0.0528234778109,0.074272519031,0.229893832406,1.19751951275e-39
train,all,diff,compose->PPMI,min,cosine,0.181479171952,0.147308551705,0.168666043676,7.51568378795e-22
train,left,diff,compose->PPMI,min,recall,0.220148813276,0.272439758791,-0.196763922976,1.19126573732e-13
train,left,diff,compose->PPMI,min,precision,0.0652698737605,0.0980650640356,0.0131403900274,0.623746974083
train,left,diff,compose->PPMI,min,cosine,0.122252979535,0.166800775313,-0.0482135018613,0.0717283034235
train,right,diff,compose->PPMI,min,recall,0.919317527207,0.235079425659,0.35695282976,2.44000130535e-55
train,right,diff,compose->PPMI,min,precision,0.0431920095484,0.0461602312685,0.54480121471,5.6311436295e-140
train,right,diff,compose->PPMI,min,cosine,0.22731052706,0.110213078972,0.534697509791,6.0450777787e-134
train,all,nodiff,compose->PPMI,max,recall,0.80051745472,0.311713427257,-0.0207410374655,0.240812637368
train,all,nodiff,compose->PPMI,max,precision,0.00507124655719,0.00818858208444,0.102768415191,5.65610407618e-09
train,all,nodiff,compose->PPMI,max,cosine,0.106813660228,0.0908914485552,0.0738629698958,2.88445519942e-05
train,left,nodiff,compose->PPMI,max,recall,0.634441375573,0.382131633202,-0.0680989979838,0.0109257660937
train,left,nodiff,compose->PPMI,max,precision,0.00121062219493,0.00167980087332,0.0411522606757,0.1243302816
train,left,nodiff,compose->PPMI,max,cosine,0.0358792502662,0.0334331306021,0.0454392461463,0.0896765995629
train,right,nodiff,compose->PPMI,max,recall,0.929033090246,0.146616912645,0.1693103039,4.53546334161e-13
train,right,nodiff,compose->PPMI,max,precision,0.00805873636301,0.00981318362872,0.446224202018,5.49152354466e-89
train,right,nodiff,compose->PPMI,max,cosine,0.161705254633,0.0829599166454,0.424765502868,6.13532502058e-80
train,all,diff,PPMI->compose,min,recall,0.190272516435,0.201311199317,-0.0221908882033,0.209489547449
train,all,diff,PPMI->compose,min,precision,0.0293744404203,0.0510443743754,0.173096931146,6.04929632031e-23
train,all,diff,PPMI->compose,min,cosine,0.0709147280781,0.0857301986001,0.145446766052,1.35654174148e-16
train,left,diff,PPMI->compose,min,recall,0.0877345864502,0.16750467806,-0.0338807970149,0.205828213292
train,left,diff,PPMI->compose,min,precision,0.00384362716174,0.00885412972917,0.0115523574686,0.666279741135
train,left,diff,PPMI->compose,min,cosine,0.0271910658635,0.0542121666849,0.00291383562246,0.913382864596
train,right,diff,PPMI->compose,min,recall,0.269620049837,0.189056916803,0.153901456131,4.98470349882e-11
train,right,diff,PPMI->compose,min,precision,0.0491311007911,0.060550680062,0.633031517581,1.29074511887e-202
train,right,diff,PPMI->compose,min,cosine,0.104749668461,0.0902144139851,0.490477515062,7.99870810447e-110
train,all,nodiff,compose->PPMI,max,recall,0.916041569964,0.256633005025,-0.0218912918041,0.21570753325
train,all,nodiff,compose->PPMI,max,precision,0.0100565239014,0.0159599788124,0.0938082458063,1.05928360488e-07
train,all,nodiff,compose->PPMI,max,cosine,0.156794054872,0.0912644091465,0.183669900578,1.12406372701e-25
train,left,nodiff,compose->PPMI,max,recall,0.848127871631,0.357408806924,-0.0159612156479,0.551266100183
train,left,nodiff,compose->PPMI,max,precision,0.00208153595803,0.00296171569445,0.0546209814146,0.0413002015967
train,left,nodiff,compose->PPMI,max,cosine,0.123057430315,0.0872374162252,0.180311453606,1.14763187599e-11
train,right,nodiff,compose->PPMI,max,recall,0.968595629207,0.107907518771,-0.0918911221578,9.28686704381e-05
train,right,nodiff,compose->PPMI,max,precision,0.016227856035,0.0189141106464,0.427425730201,5.02655725875e-81
train,right,nodiff,compose->PPMI,max,cosine,0.182900666779,0.0855753544366,0.329500288222,6.06187797291e-47
train,all,diff,PPMI->compose,min,recall,0.448155665292,0.419527006856,0.0177462111185,0.315588761189
train,all,diff,PPMI->compose,min,precision,0.0568188202213,0.104140563806,0.122275325105,3.91293785904e-12
train,all,diff,PPMI->compose,min,cosine,0.209798101799,0.229493214548,0.157654735622,2.93917967321e-19
train,left,diff,PPMI->compose,min,recall,0.0426846359731,0.11351202514,-0.0639630720513,0.0168408245937
train,left,diff,PPMI->compose,min,precision,0.0574887513223,0.143398838859,-0.0407548291845,0.128010488292
train,left,diff,PPMI->compose,min,cosine,0.139286887183,0.291169671747,0.0546219011407,0.0412967779883
train,right,diff,PPMI->compose,min,recall,0.761923712369,0.276686071698,0.34334154347,4.5228003516e-51
train,right,diff,PPMI->compose,min,precision,0.0563004034713,0.0576587092054,0.529540754571,6.04401189966e-131
train,right,diff,PPMI->compose,min,cosine,0.264362212444,0.144888217582,0.481312209583,2.97644712319e-105
train,all,nodiff,PPMI->compose,max,recall,0.828758284333,0.291120352511,-0.0430970098927,0.0147640640631
train,all,nodiff,PPMI->compose,max,precision,0.00159039518221,0.00235193468061,0.236561060371,6.05441197e-42
train,all,nodiff,PPMI->compose,max,cosine,0.0343184096139,0.025066343343,0.211588300187,1.03282854358e-33
train,left,nodiff,PPMI->compose,max,recall,0.712633354481,0.382995782544,-0.108020792449,5.24991578216e-05
train,left,nodiff,PPMI->compose,max,precision,0.000429239863523,0.000551104397828,0.148095156696,2.71302147926e-08
train,left,nodiff,PPMI->compose,max,cosine,0.0195842877335,0.0167474440788,0.0899493181543,0.000766559481671
train,right,nodiff,PPMI->compose,max,recall,0.91861992628,0.135327251269,0.0732813508035,0.00184227102138
train,right,nodiff,PPMI->compose,max,precision,0.00248893887672,0.0027796382932,0.658048033286,2.60006815061e-224
train,right,nodiff,PPMI->compose,max,cosine,0.0457202023772,0.02448468906,0.577722060019,3.99425806228e-161
train,all,diff,compose->PPMI,max,recall,0.785409196851,0.316967178219,-0.0161572419526,0.360877566505
train,all,diff,compose->PPMI,max,precision,0.00504242671014,0.00819509008163,0.10019451427,1.34741434091e-08
train,all,diff,compose->PPMI,max,cosine,0.106196033898,0.0912345300494,0.0719698322541,4.60296317828e-05
train,left,diff,compose->PPMI,max,recall,0.603922231156,0.377756271809,-0.0680818596573,0.0109458705213
train,left,diff,compose->PPMI,max,precision,0.00114965575719,0.00159213089723,0.0375119924535,0.161273524049
train,left,diff,compose->PPMI,max,cosine,0.0345918582734,0.0325723951603,0.0420875957701,0.115994581502
train,right,diff,compose->PPMI,max,recall,0.925850329949,0.150252817687,0.197740880414,2.31546484175e-17
train,right,diff,compose->PPMI,max,precision,0.00805479270256,0.00981669774045,0.447011133688,2.48512204241e-89
train,right,diff,compose->PPMI,max,cosine,0.16160591703,0.0831029737209,0.424972288013,5.05505189367e-80
train,all,nodiff,PPMI->compose,max,recall,0.863486738908,0.297569603095,-0.07444599868,2.49217960461e-05
train,all,nodiff,PPMI->compose,max,precision,0.00276670698949,0.00365983605272,0.260866151664,6.15377220988e-51
train,all,nodiff,PPMI->compose,max,cosine,0.064242632708,0.0421253858968,0.213438405428,2.74412087832e-34
train,left,nodiff,PPMI->compose,max,recall,0.718953895423,0.381913745842,-0.104306457843,9.44695576208e-05
train,left,nodiff,PPMI->compose,max,precision,0.00141513221578,0.0021618528401,0.0307131768761,0.251471907612
train,left,nodiff,PPMI->compose,max,cosine,0.0505367861851,0.0449135577005,0.052951194269,0.0479247148836
train,right,nodiff,PPMI->compose,max,recall,0.975331444841,0.124596627339,0.142990389512,1.05758240596e-09
train,right,nodiff,PPMI->compose,max,precision,0.00381260409818,0.00419944678537,0.690447281759,1.03746237646e-255
train,right,nodiff,PPMI->compose,max,cosine,0.0748487090639,0.0364540792012,0.49784830036,1.33343481012e-113
train,all,diff,compose->PPMI,max,recall,0.827874950751,0.301867631996,-0.0844979565773,1.69612831224e-06
train,all,diff,compose->PPMI,max,precision,0.0098772488635,0.0160151517462,0.0754958485874,1.91031332315e-05
train,all,diff,compose->PPMI,max,cosine,0.124742947401,0.0967029205557,0.0598695939486,0.000702883011619
train,left,diff,compose->PPMI,max,recall,0.664553938909,0.373872874236,-0.134675590148,4.40858162867e-07
train,left,diff,compose->PPMI,max,precision,0.00169554161143,0.00248454260333,0.00804462673231,0.763942482783
train,left,diff,compose->PPMI,max,cosine,0.0550085467614,0.0484302690701,0.00769972803526,0.773781457254
train,right,diff,compose->PPMI,max,recall,0.954258616233,0.129837217637,0.0942613361965,6.07788592227e-05
train,right,diff,compose->PPMI,max,precision,0.0162085478235,0.0189287988124,0.428790857275,1.38003455803e-81
train,right,diff,compose->PPMI,max,cosine,0.178705931488,0.0899880066875,0.372129582906,2.37532162024e-60
train,all,diff,PPMI->compose,max,recall,0.810894959641,0.297233627177,-0.0538720657701,0.00229996577096
train,all,diff,PPMI->compose,max,precision,0.00158015565726,0.0023544233647,0.229720507752,1.37091775882e-39
train,all,diff,PPMI->compose,max,cosine,0.0339246355494,0.0251408000201,0.205125455868,9.60369367014e-32
train,left,diff,PPMI->compose,max,recall,0.675323800668,0.380807310895,-0.120077264891,6.83625628059e-06
train,left,diff,PPMI->compose,max,precision,0.000406990528403,0.000524959906868,0.137060809272,2.73709372158e-07
train,left,diff,PPMI->compose,max,cosine,0.0187667813246,0.0162018050736,0.0825891391806,0.00201306618699
train,right,diff,PPMI->compose,max,recall,0.915804792195,0.138811127461,0.102260607002,1.35042981473e-05
train,right,diff,PPMI->compose,max,precision,0.00248799297427,0.00278036934026,0.658591500625,8.32672327241e-225
train,right,diff,PPMI->compose,max,cosine,0.0456543276214,0.024549073813,0.579280759335,3.46446448218e-162
train,all,diff,PPMI->compose,max,recall,0.832278631606,0.3137101377,-0.0752861627321,2.01505786199e-05
train,all,diff,PPMI->compose,max,precision,0.00271086492589,0.00363477296691,0.252508809101,9.83607177969e-48
train,all,diff,PPMI->compose,max,cosine,0.0608384009863,0.0414447042919,0.17708274616,5.91685497745e-24
train,left,diff,PPMI->compose,max,recall,0.654698589357,0.381663214711,-0.111400777169,3.02550194649e-05
train,left,diff,PPMI->compose,max,precision,0.00129506081261,0.0019750402034,0.0211570675551,0.429601604884
train,left,diff,PPMI->compose,max,cosine,0.0432025844723,0.0404783129632,0.0108041281194,0.686708634454
train,right,diff,PPMI->compose,max,recall,0.969696447004,0.136241883524,0.187183156914,1.09453646924e-15
train,right,diff,PPMI->compose,max,precision,0.00380646500468,0.00420298753169,0.693652672365,4.81108148354e-259
train,right,diff,PPMI->compose,max,cosine,0.0744856292865,0.0367695663824,0.507770074678,7.77978626256e-119
train,all,funct,nodiff,PPMI->compose,selectself,recall,0.809262546295,0.291976874642,-0.00898028263405,0.611584306343
train,all,funct,nodiff,PPMI->compose,selectself,precision,0.00329863727769,0.00632636837461,0.28384006387,2.31659782173e-60
train,all,funct,nodiff,PPMI->compose,selectself,cosine,0.0481346536872,0.0349521887336,0.230269610735,8.92868773531e-40
train,left,funct,nodiff,PPMI->compose,selectself,recall,0.70257486336,0.384180861955,-0.102330905146,0.000128126986059
train,left,funct,nodiff,PPMI->compose,selectself,precision,0.00140073794854,0.00216099637437,0.0277609722769,0.299966076086
train,left,funct,nodiff,PPMI->compose,selectself,cosine,0.0445899236449,0.0413396337022,0.0214858100409,0.422466431216
train,right,funct,nodiff,PPMI->compose,selectself,recall,0.891821307591,0.146226456923,0.124165264856,1.21938925146e-07
train,right,funct,nodiff,PPMI->compose,selectself,precision,0.00476729995146,0.00790164783485,0.738781697863,3.8577237539e-311
train,right,funct,nodiff,PPMI->compose,selectself,cosine,0.0508776931213,0.028762998048,0.481517906434,2.35850631932e-105
train,all,funct,diff,PPMI->compose,selectself,recall,0.78414315632,0.301014275566,-0.0203702111427,0.249328276313
train,all,funct,diff,PPMI->compose,selectself,precision,0.00324855810897,0.00631561341542,0.276624355553,2.6530135855e-57
train,all,funct,diff,PPMI->compose,selectself,cosine,0.0469380515938,0.0341424451971,0.227107329785,1.0388563502e-38
train,left,funct,diff,PPMI->compose,selectself,recall,0.650323008547,0.382150045892,-0.103968509729,9.95627551256e-05
train,left,funct,diff,PPMI->compose,selectself,precision,0.00129287996933,0.00197891081933,0.0219175919716,0.413201010892
train,left,funct,diff,PPMI->compose,selectself,cosine,0.0421066439616,0.0394767703423,0.0172296368001,0.520079127776
train,right,funct,diff,PPMI->compose,selectself,recall,0.887697993511,0.152102813356,0.154748799656,3.89511728719e-11
train,right,funct,diff,PPMI->compose,selectself,precision,0.00476193210172,0.00790395864497,0.741393720124,1.73671795771e-314
train,right,funct,diff,PPMI->compose,selectself,cosine,0.0506767683645,0.028805782325,0.492471385496,7.76481039218e-111
train,all,non-funct,nodiff,compose->PPMI,gm,recall,0.292114628881,0.262566684706,-0.0732637472956,3.3483662093e-05
train,all,non-funct,nodiff,compose->PPMI,gm,precision,0.025031754319,0.0422384987842,0.189930953081,2.25607236068e-27
train,all,non-funct,nodiff,compose->PPMI,gm,cosine,0.0817522313884,0.0873778892991,0.124404055116,1.64057494082e-12
train,left,non-funct,nodiff,compose->PPMI,gm,recall,0.128238392434,0.221672007652,-0.0541649999709,0.043027388894
train,left,non-funct,nodiff,compose->PPMI,gm,precision,0.00291261564798,0.00620345404722,0.0204556725233,0.445056612633
train,left,non-funct,nodiff,compose->PPMI,gm,cosine,0.021024858077,0.0368181735591,-0.00054405698407,0.983796526289
train,right,non-funct,nodiff,compose->PPMI,gm,recall,0.418927947107,0.217720148866,0.0924377820301,8.42920749583e-05
train,right,non-funct,nodiff,compose->PPMI,gm,precision,0.0421483383461,0.0496318784618,0.710520386495,2.44653341363e-277
train,right,non-funct,nodiff,compose->PPMI,gm,cosine,0.128745254195,0.0862087585247,0.540515654598,2.15626250671e-137
train,all,funct,nodiff,compose->PPMI,gm,recall,0.92656986588,0.257392489142,-0.0216618477233,0.220558591673
train,all,funct,nodiff,compose->PPMI,gm,precision,0.12756264955,0.171789861433,0.363424375525,1.65721424779e-100
train,all,funct,nodiff,compose->PPMI,gm,cosine,0.354388526867,0.228844725438,0.348010755263,9.05781273481e-92
train,left,funct,nodiff,compose->PPMI,gm,recall,0.849570200573,0.357492202532,-0.0167316354217,0.532214440098
train,left,funct,nodiff,compose->PPMI,gm,precision,0.230104180565,0.213781367989,0.412178344657,2.24038894878e-58
train,left,funct,nodiff,compose->PPMI,gm,cosine,0.486590088418,0.271872470819,0.452746704329,1.7232229074e-71
train,right,funct,nodiff,compose->PPMI,gm,recall,0.986154972737,0.102386734942,-0.0131902515563,0.575566428768
train,right,funct,nodiff,compose->PPMI,gm,precision,0.04821232954,0.0504937784817,0.401841021487,5.70260941875e-71
train,right,funct,nodiff,compose->PPMI,gm,cosine,0.252086209835,0.108201343313,0.301895462441,2.49569079593e-39
train,all,non-funct,diff,compose->PPMI,gm,recall,0.283887429514,0.259773646339,-0.0692328528472,8.87052619328e-05
train,all,non-funct,diff,compose->PPMI,gm,precision,0.0248855249081,0.0422557784775,0.186103273041,2.50153935238e-26
train,all,non-funct,diff,compose->PPMI,gm,cosine,0.0804268520845,0.0876193539811,0.12036607792,8.42532141535e-12
train,left,non-funct,diff,compose->PPMI,gm,recall,0.11312227788,0.20318954381,-0.0568518997568,0.0336720292211
train,left,non-funct,diff,compose->PPMI,gm,precision,0.00263177029086,0.00577352108136,0.0115834413506,0.665436255726
train,left,non-funct,diff,compose->PPMI,gm,cosine,0.0184282510273,0.0337806581489,-0.00766556645923,0.774757997318
train,right,non-funct,diff,compose->PPMI,gm,recall,0.416031637763,0.21846352448,0.10464223118,8.44128170191e-06
train,right,non-funct,diff,compose->PPMI,gm,precision,0.0421062795898,0.049615508026,0.710628294113,1.85046129781e-277
train,right,non-funct,diff,compose->PPMI,gm,cosine,0.128403596583,0.0863637533553,0.541133489812,9.19609743718e-138
